Symbol,Name
20MICRONS,20 MICRONS LTD
360ONE,360 ONE WAM LIMITED
3IINFOLTD,3I INFOTECH LIMITED
3MINDIA,3M INDIA LIMITED
5PAISA,5PAISA CAPITAL LIMITED
63MOONS,63 MOONS TECHNOLOGIES LTD
AADHARHFC,AADHAR HOUSING FINANCE L
AARON,AARON INDUSTRIES LIMITED
AARTECH,AARTECH SOLONICS LIMITED
AARTIDRUGS,AARTI DRUGS LTD.
AARTIIND,AARTI INDUSTRIES LTD
AARTIPHARM,AARTI PHARMALABS LIMITED
AARTISURF,AARTI SURFACTANTS LIMITED
AARVI,AARVI ENCON LIMITED
AAVAS,AAVAS FINANCIERS LIMITED
ABAN,ABAN OFFSHORE LTD.
ABB,ABB INDIA LIMITED
ABBOTINDIA,ABBOTT INDIA LIMITED
ABCAPITAL,ADITYA BIRLA CAPITAL LTD.
ABDL,ALLIED BLEND N DISTILS L
ABFRL,ADITYA BIRLA FASHION & RT
ABREL,ADITYA BIRLA REAL EST LTD
ABSLAMC,ADIT BIRL SUN LIF AMC LTD
ABSLBANETF,BIRLASLAMC - ABSLBANETF
ABSLLIQUID,BIRLASLAMC - ABSLLIQUID
ABSLNN50ET,BIRLASLAMC - ABSLNN50ET
ABSLPSE,BIRLASLAMC-ABSLPSE
ACC,ACC LIMITED
ACCELYA,ACCELYA SOLN INDIA LTD
ACE,ACTION CONST EQUIP LTD
ACI,ARCHEAN CHEMICAL IND LTD
ACL,ANDHRA CEMENTS LIMITED
ACLGATI,ALLCARGO GATI LIMITED
ADANIENSOL,ADANI ENERGY SOLUTION LTD
ADANIENT,ADANI ENTERPRISES LIMITED
ADANIGREEN,ADANI GREEN ENERGY LTD
ADANIPORTS,ADANI PORT & SEZ LTD
ADANIPOWER,ADANI POWER LTD
ADFFOODS,ADF FOODS LIMITED
ADORWELD,ADOR WELDING LTD
ADSL,ALLIED DIGITAL SERV. LTD
ADVANIHOTR,ADVANI HOT.& RES.(I) LTD
ADVENZYMES,ADVANCED ENZYME TECH LTD
AEGISLOG,AEGIS LOGISTICS LIMITED
AEROFLEX,AEROFLEX INDUSTRIES LTD
AETHER,AETHER INDUSTRIES LIMITED
AFFLE,AFFLE (INDIA) LIMITED
AFIL,AKME FINTRADE (INDIA) LTD
AGARIND,AGARWAL INDS CORP LTD.
AGI,AGI GREENPAC LIMITED
AGIIL,AGI INFRA LIMITED
AGRITECH,AGRI-TECH (INDIA) LIMITED
AGROPHOS,AGRO PHOS INDIA LIMITED
AGSTRA,AGS TRANSACT TECH LTD
AHL,ABANS HOLDINGS LIMITED
AHLADA,AHLADA ENGINEERS LIMITED
AHLEAST,ASIAN HOTELS (EAST) LTD
AHLUCONT,AHLUWALIA CONT IND LTD
AIAENG,AIA ENGINEERING LIMITED
AIIL,AUTHUM INVEST & INFRA LTD
AIRAN,AIRAN LIMITED
AIROLAM,AIRO LAM LIMITED
AJANTPHARM,AJANTA PHARMA LIMITED
AJMERA,AJMERA REALTY & INF I LTD
AKG,AKG EXIM LIMITED
AKSHARCHEM,AKSHARCHEM INDIA LIMITED
AKSHOPTFBR,AKSH OPTIFIBRE LIMITED
AKUMS,AKUMS DRUGS AND PHARMA L
AKZOINDIA,AKZO NOBEL INDIA LIMITED
ALANKIT,ALANKIT LIMITED
ALBERTDAVD,ALBERT DAVID LIMITED
ALEMBICLTD,ALEMBIC LIMITED
ALICON,ALICON CASTALLOY LIMITED
ALKALI,ALKALI METALS LTD
ALKEM,ALKEM LABORATORIES LTD.
ALKYLAMINE,ALKYL AMINES CHEM. LTD
ALLCARGO,ALLCARGO LOGISTICS LTD
ALLDIGI,ALLDIGI TECH LIMITED
ALMONDZ,ALMONDZ GLOBAL SEC LTD
ALOKINDS,ALOK INDUSTRIES LIMITED
ALPA,ALPA LABORATORIES LTD
ALPHA,KOTAKMAMC - KOTAKALPHA
ALPHAETF,MIRAEAMC - ALPHAETF
ALPHAGEO,ALPHAGEO (INDIA) LIMITED
ALPL30IETF,ICICIPRAMC - ICICIALPLV
AMBER,AMBER ENTERPRISES (I) LTD
AMBIKCO,AMBIKA COTTON MILL LTD.
AMBUJACEM,AMBUJA CEMENTS LTD
AMIORG,AMI ORGANICS LIMITED
AMJLAND,AMJ LAND HOLDINGS LIMITED
AMNPLST,AMINES & PLASTICIZERS LTD
AMRUTANJAN,AMRUTAJAN HEALTH LTD
ANANDRATHI,ANAND RATHI WEALTH LTD
ANANTRAJ,ANANT RAJ LIMITED
ANDHRAPAP,ANDHRA PAPER LIMITED
ANDHRSUGAR,ANDHRA SUGARS LTD
ANGELONE,ANGEL ONE LIMITED
ANMOL,ANMOL INDIA LIMITED
ANUP,THE ANUP ENGINEERING LTD
ANURAS,ANUPAM RASAYAN INDIA LTD
APARINDS,APAR INDUSTRIES LTD.
APCL,ANJANI PORTLAND CEM LTD
APCOTEXIND,APCOTEX INDUSTRIES LIMITE
APEX,APEX FROZEN FOODS LIMITED
APLAPOLLO,APL APOLLO TUBES LTD
APLLTD,ALEMBIC PHARMA LTD
APOLLO,APOLLO MICRO SYSTEMS LTD
APOLLOHOSP,APOLLO HOSPITALS ENTER. L
APOLLOPIPE,APOLLO PIPES LIMITED
APOLLOTYRE,APOLLO TYRES LTD
APOLSINHOT,APOLLO SINDOORI HOTEL LTD
APTECHT,APTECH LIMITED
APTUS,APTUS VALUE HSG FIN I LTD
ARE&M,AMARA RAJA ENERGY MOB LTD
ARIES,ARIES AGRO LTD.
ARIHANTCAP,ARIHANT CAPITAL MKTS LTD
ARIHANTSUP,ARIHANT SUPERSTRUCT LTD
ARMANFIN,ARMAN FIN SERV LTD
AROGRANITE,ARO GRANITE IND. LTD.
ARROWGREEN,ARROW GREENTECH LIMITED
ARTEMISMED,ARTEMIS MED SERVICE LTD
ARVIND,ARVIND LIMITED
ARVINDFASN,ARVIND FASHIONS LIMITED
ARVSMART,ARVIND SMARTSPACES LTD
ASAHIINDIA,ASAHI INDIA GLASS LIMITED
ASAL,AUTOMOTIVE STAMPINGS & AS
ASALCBR,ASSO ALCOHOLS & BREW LTD
ASHAPURMIN,ASHAPURA MINECHEM LTD
ASHIANA,ASHIANA HOUSING LTD
ASHOKA,ASHOKA BUILDCON LTD
ASHOKLEY,ASHOK LEYLAND LTD
ASIANENE,ASIAN ENERGY SERVICES LTD
ASIANPAINT,ASIAN PAINTS LIMITED
ASIANTILES,ASIAN GRANITO IND. LTD.
ASKAUTOLTD,ASK AUTOMOTIVE LIMITED
ASMS,BARTRONICS INDIA LIMITED
ASPINWALL,ASPINWALL & CO LTD
ASTEC,ASTEC LIFESCIENCES LTD
ASTERDM,ASTER DM HEALTHCARE LTD.
ASTRAL,ASTRAL LIMITED
ASTRAMICRO,ASTRA MICROWAVE LTD
ASTRAZEN,ASTRAZENECA PHARMA IND LT
ATAM,ATAM VALVES LIMITED
ATFL,AGRO TECH FOODS LIMITED
ATGL,ADANI TOTAL GAS LIMITED
ATL,ALLCARGO TERMINALS LTD
ATUL,ATUL LTD
ATULAUTO,ATUL AUTO LIMITED
AUBANK,AU SMALL FINANCE BANK LTD
AURIONPRO,AURIONPRO SOLN LTD
AUROPHARMA,AUROBINDO PHARMA LTD
AURUM,AURUM PROPTECH LIMITED
AUTOAXLES,AUTOMOTIVE AXLES LIMITED
AUTOBEES,NIPPONAMC - NETFAUTO
AUTOIETF,ICICIPRAMC - ICICIAUTO
AUTOIND,AUTOLINE INDUSTRIES LTD
AVADHSUGAR,AVADH SUG & ENERGY LTD
AVALON,AVALON TECHNOLOGIES LTD
AVANTEL,AVANTEL LIMITED
AVANTIFEED,AVANTI FEEDS LIMITED
AVG,AVG LOGISTICS LIMITED
AVONMORE,AVONMORE CAP&MGT SERV LTD
AVROIND,AVRO INDIA LIMITED
AVTNPL,AVT NATURAL PRODUCTS LTD
AWFIS,AWFIS SPACE SOLUTIONS LTD
AWHCL,ANTONY WASTE HDG CELL LTD
AWL,ADANI WILMAR LIMITED
AXISBANK,AXIS BANK LIMITED
AXISBNKETF,AXISAMC - AXISBNKETF
AXISBPSETF,AXISAMC - AXISBPSETF
AXISCADES,AXISCADES TECH LTD
AXISCETF,AXISAMC - AXISCETF
AXISGOLD,AXIS MF - AXIS GOLD ETF
AXISHCETF,AXISAMC - AXISHCETF
AXISILVER,AXISAMC - AXISILVER
AXISNIFTY,AXISAMC - AXISNIFTY
AXISTECETF,AXISAMC - AXISTECETF
AXITA,AXITA COTTON LIMITED
AXSENSEX,AXISAMC - AXSENSEX
AZAD,AZAD ENGINEERING LIMITED
BAJAJ-AUTO,BAJAJ AUTO LIMITED
BAJAJCON,BAJAJ CONSUMER CARE LTD
BAJAJELEC,BAJAJ ELECT.LTD
BAJAJFINSV,BAJAJ FINSERV LTD.
BAJAJHCARE,BAJAJ HEALTHCARE LIMITED
BAJAJHFL,BAJAJ HOUSING FINANCE LTD
BAJAJHIND,BAJAJ HINDUSTHAN SUGAR LT
BAJAJHLDNG,BAJAJ HOLDINGS & INVS LTD
BAJEL,BAJEL PROJECTS LIMITED
BAJFINANCE,BAJAJ FINANCE LIMITED
BALAJEE,SHREE TIRUPATI BALAJEE L
BALAJITELE,BALAJI TELEFILMS LTD.
BALAMINES,BALAJI AMINES LIMITED
BALAXI,BALAXI PHARMA LTD
BALKRISIND,BALKRISHNA IND. LTD
BALMLAWRIE,BALMER LAWRIE & CO LTD
BALPHARMA,BAL PHARMA LTD.
BALRAMCHIN,BALRAMPUR CHINI MILLS LTD
BALUFORGE,BALU FORGE INDUSTRIES LTD
BANARBEADS,BANARAS BEADS LTD
BANARISUG,BANNARI AMMAN SUGARS LTD
BANCOINDIA,BANCO PRODUCTS (I) LTD
BANDHANBNK,BANDHAN BANK LIMITED
BANKBARODA,BANK OF BARODA
BANKBEES,NIP IND ETF BANK BEES
BANKBETF,BFAM - BANKBETF
BANKETF,MIRAEAMC - BANKETF
BANKETFADD,DSPAMC - DSPBANKETF
BANKIETF,ICICIPRAMC - IPRU5008
BANKINDIA,BANK OF INDIA
BANKNIFTY1,KOTAKMAMC-KOTAKBKETF
BANSALWIRE,BANSAL WIRE INDUSTRIES L
BANSWRAS,BANSWARA SYNTEX LIMITED
BARBEQUE,BARBEQUE NATION HOSP. LTD
BASF,BASF INDIA LTD
BASML,BANNARI AM SPIN MILL LTD.
BATAINDIA,BATA INDIA LTD
BAYERCROP,BAYER CROPSCIENCE LTD
BBETF0432,EDELAMC - BBETF0432
BBL,BHARAT BIJLEE LTD
BBOX,BLACK BOX LIMITED
BBTC,BOMBAY BURMAH TRADING COR
BCLIND,BCL INDUSTRIES LIMITED
BCONCEPTS,BRAND CONCEPTS LIMITED
BDL,BHARAT DYNAMICS LIMITED
BECTORFOOD,MRS BECTORS FOOD SPE LTD
BEL,BHARAT ELECTRONICS LTD
BEML,BEML LIMITED
BEPL,BHANSALI ENG. POLYMERS LT
BERGEPAINT,BERGER PAINTS (I) LTD
BESTAGRO,BEST AGROLIFE LIMITED
BFINVEST,BF INVESTMENT LIMITED
BFSI,MIRAEAMC - MAFSETF
BFUTILITIE,BF UTILITIES LIMITED
BGRENERGY,BGR ENERGY SYSTEMS LTD
BHAGCHEM,BHAGIRADHA CHEM & INDS L
BHAGERIA,BHAGERIA INDUSTRIES LTD
BHAGYANGR,BHAGYANAGAR INDIA LIMITED
BHANDARI,BHANDARI HOSIERY EXP LTD
BHARATFORG,BHARAT FORGE LTD
BHARATGEAR,BHARAT GEARS LTD.
BHARATRAS,BHARAT RASAYAN LTD
BHARATWIRE,BHARAT WIRE ROPES LTD.
BHARTIARTL,BHARTI AIRTEL LIMITED
BHARTIHEXA,BHARTI HEXACOM LIMITED
BHEL,BHEL
BIGBLOC,BIGBLOC CONSTRUCTION LTD
BIKAJI,BIKAJI FOODS INTERN LTD
BIOCON,BIOCON LIMITED.
BIOFILCHEM,BIOFIL CHEM & PHARMA LTD
BIRLACABLE,BIRLA CABLE LIMITED
BIRLACORPN,BIRLA CORPORATION LTD
BLAL,BEML LAND ASSETS LIMITED
BLISSGVS,BLISS GVS PHARMA LTD
BLKASHYAP,B.L.KASHYAP & SON LTD
BLS,BLS INTL SERVS LTD
BLSE,BLS E-SERVICES LIMITED
BLUEDART,BLUE DART EXPRESS LTD
BLUEJET,BLUE JET HEALTHCARE LTD
BLUESTARCO,BLUE STAR LIMITED
BODALCHEM,BODAL CHEMICALS LTD
BOMDYEING,BOMBAY DYEING & MFG. CO L
BOROLTD,BOROSIL LIMITED
BORORENEW,BOROSIL RENEWABLES LTD
BOROSCI,BOROSIL SCIENTIFIC LTD
BOSCHLTD,BOSCH LIMITED
BPCL,BHARAT PETROLEUM CORP  LT
BPL,BPL LTD
BRIGADE,BRIGADE ENTER. LTD
BRITANNIA,BRITANNIA INDUSTRIES LTD
BRNL,BHARAT ROAD NETWORK LTD
BSE,BSE LIMITED
BSE500IETF,ICICIPRAMC - ICICI500
BSHSL,BOMBAY SUPER HYBRID SEEDS
BSL,BSL LTD
BSLGOLDETF,ADITYBIRLA SL GOLD ETF-GR
BSLNIFTY,ADITYBIRLA SL NIF ETF-GR
BSLSENETFG,BIRLASLAMC - BSLSENETFG
BSOFT,BIRLASOFT LIMITED
BTML,BODHI TREE MULTIMEDIA LTD
BUTTERFLY,BTRFLY GANDHI APPL LTD
BYKE,THE BYKE HOSPITALITY LTD
CAMLINFINE,CAMLIN FINE SCIENCES LTD
CAMPUS,CAMPUS ACTIVEWEAR LIMITED
CAMS,COMPUTER AGE MNGT SER LTD
CANBK,CANARA BANK
CANFINHOME,CAN FIN HOMES LTD
CANTABIL,CANTABIL RETAIL LTD
CAPACITE,CAPACITE INFRAPROJECT LTD
CAPITALSFB,CAPITAL SMALL FIN BANK L
CAPLIPOINT,CAPLIN POINT LAB LTD.
CAPTRUST,CAPITAL TRUST LIMITED
CARBORUNIV,CARBORUNDUM UNIVERSAL LTD
CAREERP,CAREER POINT LIMITED
CARERATING,CARE RATINGS LIMITED
CARTRADE,CARTRADE TECH LIMITED
CARYSIL,CARYSIL LIMITED
CASTROLIND,CASTROL INDIA LIMITED
CCL,CCL PRODUCTS (I) LTD
CDSL,CENTRAL DEPO SER (I) LTD
CEATLTD,CEAT LIMITED
CEIGALL,CEIGALL INDIA LIMITED
CELLO,CELLO WORLD LIMITED
CENTENKA,CENTURY ENKA LTD
CENTRALBK,CENTRAL BANK OF INDIA
CENTRUM,CENTRUM CAPITAL LIMITED
CENTUM,CENTUM ELECTRONICS LTD
CENTURYPLY,CENTURY PLYBOARDS (I) LTD
CERA,CERA SANITARYWARE LTD
CESC,CESC LTD
CGCL,CAPRI GLOBAL CAPITAL LTD
CGPOWER,CG POWER AND IND SOL LTD
CHALET,CHALET HOTELS LIMITED
CHAMBLFERT,CHAMBAL FERTILIZERS LTD
CHEMBOND,CHEMBOND CHEMICALS LTD
CHEMCON,CHEMCON SPECIAL CHEM LTD
CHEMFAB,CHEMFAB ALKALIS LIMITED
CHEMPLASTS,CHEMPLAST SANMAR LIMITED
CHENNPETRO,CHENNAI PETROLEUM CORP LT
CHEVIOT,CHEVIOT COMPANY LIMITED
CHOICEIN,CHOICE INTERNATIONAL LTD
CHOLAFIN,CHOLAMANDALAM IN & FIN CO
CHOLAHLDNG,CHOLAMANDALAM FIN HOL LTD
CIEINDIA,CIE AUTOMOTIVE INDIA LTD
CIGNITITEC,CIGNITI TECHNOLOGIES LTD
CINELINE,CINELINE INDIA LIMITED
CIPLA,CIPLA LTD
CLEAN,CLEAN SCIENCE & TECH LTD
CLEDUCATE,CL EDUCATE LIMITED
CLSEL,CHAMAN LAL SETIA EXP LTD
CMSINFO,CMS INFO SYSTEMS LIMITED
COALINDIA,COAL INDIA LTD
COASTCORP,COASTAL CORPORATION LTD
COCHINSHIP,COCHIN SHIPYARD LIMITED
COFFEEDAY,COFFEE DAY ENTERPRISE LTD
COFORGE,COFORGE LIMITED
COLPAL,COLGATE PALMOLIVE LTD.
COMMOIETF,ICICIPRAMC - ICICICOMMO
COMPUSOFT,COMPUCOM SOFTWARE LTD
CONCOR,CONTAINER CORP OF IND LTD
CONCORDBIO,CONCORD BIOTECH LIMITED
CONFIPET,CONFIDENCE PETRO IND LTD.
CONSOFINVT,CONSO. FIN. & HOLD. LTD.
CONSUMBEES,NIP IND ETF CONSUMPTION
CONSUMIETF,ICICIPRAMC - ICICICONSU
CONTROLPR,CONTROL PRINT LIMITED
COROMANDEL,COROMANDEL INTERNTL. LTD
COSMOFIRST,COSMO FIRST LIMITED
CPSEETF,CPSE ETF
CRAFTSMAN,CRAFTSMAN AUTOMATION LTD
CREATIVE,CREATIVE NEWTECH LIMITED
CREDITACC,CREDITACCESS GRAMEEN LTD
CREST,CREST VENTURES LIMITED
CRISIL,CRISIL LTD
CROMPTON,CROMPT GREA CON ELEC LTD
CSBBANK,CSB BANK LIMITED
CSLFINANCE,CSL FINANCE LIMITED
CTE,CAMBRIDGE TECH ENTER LTD
CUB,CITY UNION BANK LTD
CUMMINSIND,CUMMINS INDIA LTD
CYBERTECH,CYBERTECH SYSTEMS & SOFTW
CYIENT,CYIENT LIMITED
CYIENTDLM,CYIENT DLM LIMITED
DABUR,DABUR INDIA LTD
DALBHARAT,DALMIA BHARAT LIMITED
DALMIASUG,DALMIA BHARAT SUG IN LTD
DAMODARIND,DAMODAR INDUSTRIES LTD
DATAMATICS,DATAMATICS GLOBAL SER LTD
DATAPATTNS,DATA PATTERNS INDIA LTD
DAVANGERE,DAVANGERE SUGAR COMPANY L
DBCORP,D.B.CORP LTD
DBEIL,DEEPAK BUILDERS & ENG I L
DBL,DILIP BUILDCON LIMITED
DBOL,DHAMPUR BIO ORGANICS LTD
DBREALTY,VALOR ESTATE LIMITED
DCAL,DISHMAN CARBO AMCIS LTD
DCBBANK,DCB BANK LIMITED
DCM,DCM LIMITED
DCMNVL,DCM NOUVELLE LIMITED
DCMSHRIRAM,DCM SHRIRAM LIMITED
DCMSRIND,DCM SHRIRAM IND LTD
DCW,DCW LTD
DCXINDIA,DCX SYSTEMS LIMITED
DECCANCE,DECCAN CEMENTS LIMITED
DEEDEV,DEE DEVELOPMENT ENG LTD
DEEPAKFERT,DEEPAK FERTILIZERS & PETR
DEEPAKNTR,DEEPAK NITRITE LTD
DEEPINDS,DEEP INDUSTRIES LIMITED
DELHIVERY,DELHIVERY LIMITED
DELPHIFX,DELPHI WORLD MONEY LTD
DELTACORP,DELTA CORP LIMITED
DELTAMAGNT,DELTA MANUFACTURING LTD
DEN,DEN NETWORKS LTD
DENORA,DE NORA INDIA LIMITED
DEVIT,DEV INFO TECHNOLOGY LTD
DEVYANI,DEVYANI INTERNATIONAL LTD
DHAMPURSUG,DHAMPUR SUGAR MILLS LTD.
DHANBANK,DHANLAXMI BANK LIMITED
DHANI,DHANI SERVICES LIMITED
DHANUKA,DHANUKA AGRITECH LTD
DHARMAJ,DHARMAJ CROP GUARD LTD
DHUNINV,DHUNSERI INVESTMENTS LTD
DIAMINESQ,DIAMINES & CHEMICALS LTD
DIAMONDYD,PRATAAP SNACKS LIMITED
DIFFNKG,DIFFUSION ENGINEERS LTD
DIGISPICE,DIGISPICE TECHNOLOGIES LT
DIL,DEBOCK INDUSTRIES LIMITED
DISHTV,DISH TV INDIA LTD.
DIVGIITTS,DIVGI TORQTRANSFER SYST L
DIVISLAB,DIVI S LABORATORIES LTD
DIVOPPBEES,NIP IND ETF DIV OPP
DIXON,DIXON TECHNO (INDIA) LTD
DLF,DLF LIMITED
DLINKINDIA,D-LINK INDIA LTD
DMART,AVENUE SUPERMARTS LIMITED
DMCC,DMCC SPECIALITY CHEMICALS
DODLA,DODLA DAIRY LIMITED
DOLATALGO,DOLAT ALGOTECH LIMITED
DOLLAR,DOLLAR INDUSTRIES LIMITED
DOMS,DOMS INDUSTRIES LIMITED
DPABHUSHAN,D. P. ABHUSHAN LIMITED
DPSCLTD,DPSC LIMITED
DPWIRES,D P WIRES LIMITED
DREAMFOLKS,DREAMFOLKS SERVICES LTD
DRREDDY,DR. REDDY S LABORATORIES
DSSL,DYNACONS SYS & SOLN LTD
DTIL,DHUNSERI TEA & IND. LTD.
DUCON,DUCON INFRATECHNOLOGIES L
DVL,DHUNSERI VENTURES LIMITED
DWARKESH,DWARIKESH SUGAR IND LTD
DYCL,DYNAMIC CABLES LIMITED
DYNAMATECH,DYNAMATIC TECHNOLOGIES
DYNPRO,DYNEMIC PRODUCTS LIMITED
EASEMYTRIP,EASY TRIP PLANNERS LTD
ECLERX,ECLERX SERVICES LTD
ECOSMOBLTY,ECOS (INDIA) MOB & HOSP L
EDELWEISS,EDELWEISS FIN SERV LTD
EGOLD,EDELAMC - EGOLD
EICHERMOT,EICHER MOTORS LTD
EIDPARRY,EID PARRY INDIA LTD
EIFFL,EURO (I) FRESH FOODS LTD
EIHAHOTELS,EIH ASSOCIATED HOTELS LTD
EIHOTEL,EIH LIMITED
EKC,EVEREST KANTO CYLINDERLTD
ELDEHSG,ELDECO HSG & IND LTD.
ELECON,ELECON ENG. CO. LTD
ELECTCAST,ELECTROSTEEL CASTINGS LTD
ELGIEQUIP,ELGI EQUIPMENTS LTD
ELIN,ELIN ELECTRONICS LIMITED
EMAMILTD,EMAMI LIMITED
EMAMIPAP,EMAMI PAPER MILLS LIMITED
EMAMIREAL,EMAMI REALTY LIMITED
EMBDL,EQUINOX INDIA DEV LTD
EMCURE,EMCURE PHARMACEUTICALS L
EMIL,ELECTRONICS MART IND LTD
EMMBI,EMMBI INDUSTRIES LIMITED
EMSLIMITED,EMS LIMITED
EMUDHRA,EMUDHRA LIMITED
ENDURANCE,ENDURANCE TECHNO. LTD.
ENGINERSIN,ENGINEERS INDIA LTD
ENIL,ENTERTAIN NET. IND. LTD.
ENTERO,ENTERO HEALTHCARE SOLU L
EPACK,EPACK DURABLE LIMITED
EPIGRAL,EPIGRAL LIMITED
EPL,EPL LIMITED
EQUAL50ADD,DSPAMC - DSPNEWETF
EQUITASBNK,EQUITAS SMALL FIN BNK LTD
ERIS,ERIS LIFESCIENCES LIMITED
EROSMEDIA,EROS INTL MEDIA LTD
ESABINDIA,ESAB INDIA LTD
ESAFSFB,ESAF SMALL FINANCE BANK L
ESCORTS,ESCORTS KUBOTA LIMITED
ESG,MIRAEAMC - MAESGETF
ESILVER,EDELAMC - ESILVER
ESSENTIA,INTEGRA ESSENTIA LIMITED
ESTER,ESTER INDUSTRIES LTD
ETHOSLTD,ETHOS LIMITED
EUREKAFORB,EUREKA FORBES LIMITED
EVEREADY,EVEREADY INDS. IND.  LTD.
EVERESTIND,EVEREST INDUSTRIES LTD
EVINDIA,MIRAEAMC - EVINDIA
EXCELINDUS,EXCEL INDUSTRIES LTD
EXICOM,EXICOM TELE SYSTEMS LTD
EXIDEIND,EXIDE INDUSTRIES LTD
EXPLEOSOL,EXPLEO SOLUTIONS LIMITED
EXXARO,EXXARO TILES LIMITED
FACT,FACT LTD
FAIRCHEMOR,FAIRCHEM ORGANICS LIMITED
FAZE3Q,FAZE THREE LIMITED
FCL,FINEOTEX CHEMICAL LIMITED
FCSSOFT,FCS SOFTWARE SOLN. LTD.
FDC,FDC LIMITED
FEDERALBNK,FEDERAL BANK LTD
FEDFINA,FEDBANK FINANCIAL SER L
FIEMIND,FIEM INDUSTRIES LIMITED
FILATEX,FILATEX INDIA LTD
FILATFASH,FILATEX FASHIONS LIMITED
FINCABLES,FINOLEX CABLES LTD
FINEORG,FINE ORGANIC IND. LTD.
FINIETF,ICICIPRAMC-ICICIFIN
FINOPB,FINO PAYMENTS BANK LTD
FINPIPE,FINOLEX INDUSTRIES LTD
FIRSTCRY,BRAINBEES SOLUTIONS LTD
FIVESTAR,FIVE-STAR BUS FIN LTD
FLAIR,FLAIR WRITING INDUST LTD
FLUOROCHEM,GUJARAT FLUOROCHEM LTD
FMCGIETF,ICICIPRAMC - ICICIFMCG
FMGOETZE,FEDERAL-MOGUL GOETZE (IND
FOODSIN,FOODS & INNS LIMITED
FORCEMOT,FORCE MOTORS LIMITED
FORTIS,FORTIS HEALTHCARE LTD
FOSECOIND,FOSECO INDIA LTD
FSL,FIRSTSOURCE SOLU. LTD.
FUSION,FUSION FINANCE LIMITED
GABRIEL,GABRIEL INDIA LTD
GAEL,GUJARAT AMBUJA EXPORTS LT
GAIL,GAIL (INDIA) LTD
GALAPREC,GALA PRECISION ENG LTD
GALAXYSURF,GALAXY SURFACTANTS LTD
GANDHAR,GANDHAR OIL REFINE IND L
GANDHITUBE,GANDHI SPL. TUBES LTD
GANECOS,GANESHA ECOSPHERE LIMITED
GANESHBE,GANESH BENZOPLAST LIMITED
GANESHHOUC,GANESH HOUSING CORP LTD
GANGESSECU,GANGES SECURITIES LIMITED
GARFIBRES,GARWARE TECH FIBRES LTD
GATEWAY,GATEWAY DISTRIPARKS LTD
GEECEE,GEECEE VENTURES LIMITED
GENESYS,GENESYS INTL CORPN LTD
GENSOL,GENSOL ENGINEERING LTD
GENUSPAPER,GENUS P&B LIMITED
GENUSPOWER,GENUS POWER INFRASTRU LTD
GEOJITFSL,GEOJIT FINANCIAL SER L
GEPIL,GE POWER INDIA LIMITED
GESHIP,THE GE SHPG.LTD
GFLLIMITED,GFL LIMITED
GHCL,GHCL LIMITED
GHCLTEXTIL,GHCL TEXTILES LIMITED
GICHSGFIN,GIC HOUSING FINANCE LTD
GICRE,GENERAL INS CORP OF INDIA
GILLETTE,GILLETTE INDIA LTD
GILT5YBEES,RELCAPAMC - NETFGILT5Y
GINNIFILA,GINNI FILAMENTS LTD
GIPCL,GUJ IND POW CO. LTD
GLAND,GLAND PHARMA LIMITED
GLAXO,GLAXOSMITHKLINE PHARMA LT
GLENMARK,GLENMARK PHARMACEUTICALS
GLOBUSSPR,GLOBUS SPIRITS LTD
GLOSTERLTD,GLOSTER LIMITED
GLS,GLENMARK LIFE SCIENCE LTD
GMBREW,G M BREWERIES LTD
GMDCLTD,GUJARAT MINERAL DEV CORP
GMMPFAUDLR,GMM PFAUDLER LIMITED
GMRINFRA,GMR AIRPORTS INFRA LTD
GMRP&UI,GMR POW AND URBAN INFRA L
GNA,GNA AXLES LIMITED
GNFC,GUJ NAR VAL FER & CHEM L
GOACARBON,GOA CARBON LIMITED
GOCLCORP,GOCL CORPORATION LIMITED
GOCOLORS,GO FASHION INDIA LTD
GODFRYPHLP,GODFREY PHILLIPS INDIA LT
GODIGIT,GO DIGIT GENERAL INS LTD
GODREJAGRO,GODREJ AGROVET LIMITED
GODREJCP,GODREJ CONSUMER PRODUCTS
GODREJIND,GODREJ INDUSTRIES LTD
GODREJPROP,GODREJ PROPERTIES LTD
GOKEX,GOKALDAS EXPORTS LTD.
GOKUL,GOKUL REFOILS & SOLV LTD
GOKULAGRO,GOKUL AGRO RESOURCES LTD
GOLD1,KOTAK GOLD ETF
GOLDBEES,NIP IND ETF GOLD BEES
GOLDCASE,ZERODHAAMC - GOLDCASE
GOLDETF,MIRAEAMC - MAGOLDETF
GOLDETFADD,DSPAMC - DSPGOLDETF
GOLDIAM,GOLDIAM INTERNATIONAL LTD
GOLDIETF,ICICI PRUDENTIAL GOLD ETF
GOLDSHARE,UTI GOLD ETF
GOODLUCK,GOODLUCK INDIA LIMITED
GOODYEAR,GOODYEAR INDIA LIMITED
GOPAL,GOPAL SNACKS LIMITED
GPIL,GODAWARI POW & ISP LTD
GPPL,GUJARAT PIPAVAV PORT LTD
GPTHEALTH,GPT HEALTHCARE LIMITED
GRANULES,GRANULES INDIA LIMITED
GRAPHITE,GRAPHITE INDIA LTD
GRASIM,GRASIM INDUSTRIES LTD
GRAVITA,GRAVITA INDIA LIMITED
GREAVESCOT,GREAVES COTTON LTD.
GREENLAM,GREENLAM INDUSTRIES LTD.
GREENPANEL,GREENPANEL INDUSTRIES LTD
GREENPLY,GREENPLY INDUSTRIES LTD
GREENPOWER,ORIENT GREEN POWER CO LTD
GRINDWELL,GRINDWELL NORTON LIMITED
GRINFRA,G R INFRAPROJECTS LIMITED
GRMOVER,GRM OVERSEAS LIMITED
GROWWEV,GROWWAMC - GROWWEV
GRSE,GARDEN REACH SHIP&ENG LTD
GRWRHITECH,GARWARE HI-TECH FILMS LTD
GSFC,GUJ STATE FERT & CHEM LTD
GSLSU,GLOBAL SURFACES LIMITED
GSPL,GUJARAT STATE PETRO LTD
GSS,GSS INFOTECH LIMITED
GTL,GTL LTD
GTLINFRA,GTL INFRA.LTD
GTPL,GTPL HATHWAY LIMITED
GUFICBIO,GUFIC BIOSCIENCES LTD.
GUJALKALI,GUJARAT ALKALIES & CHEM
GUJGASLTD,GUJARAT GAS LIMITED
GULFOILLUB,GULF OIL LUB. IND. LTD.
GULFPETRO,GP PETROLEUMS LIMITED
GULPOLY,GULSHAN POLYOLS LIMITED
HAL,HINDUSTAN AERONAUTICS LTD
HAPPSTMNDS,HAPPIEST MINDS TECHNO LTD
HAPPYFORGE,HAPPY FORGINGS LIMITED
HARDWYN,HARDWYN INDIA LIMITED
HARIOMPIPE,HARIOM PIPE INDUSTRIES L
HARSHA,HARSHA ENGINEERS INT LTD
HATHWAY,HATHWAY CABLE & DATACOM
HATSUN,HATSUN AGRO PRODUCT LTD.
HAVELLS,HAVELLS INDIA LIMITED
HBLPOWER,HBL POWER SYSTEMS LTD.
HCC,HINDUSTAN CONSTRUCTION CO
HCG,HEALTHCARE GLOB. ENT. LTD
HCL-INSYS,HCL INFOSYSTEMS LTD
HCLTECH,HCL TECHNOLOGIES LTD
HDFCAMC,HDFC AMC LIMITED
HDFCBANK,HDFC BANK LTD
HDFCBSE500,HDFCAMC - HDFCBSE500
HDFCGOLD,HDFC GOLD ETF
HDFCLIFE,HDFC LIFE INS CO LTD
HDFCLIQUID,HDFCAMC - HDFCLIQUID
HDFCLOWVOL,HDFCAMC - HDFCLOWVOL
HDFCMID150,HDFCAMC - HDFCMID150
HDFCMOMENT,HDFCAMC - HDFCMOMENT
HDFCNEXT50,HDFCAMC - HDFCNEXT50
HDFCNIF100,HDFCAMC - HDFCNIF100
HDFCNIFBAN,HDFCAMC - HDFCNIFBAN
HDFCNIFIT,HDFCAMC - HDFCNIFIT
HDFCNIFTY,HDFCAMC - HDFCNIFTY
HDFCPSUBK,HDFCAMC HDFCPSUBK
HDFCPVTBAN,HDFCAMC - HDFCPVTBAN
HDFCQUAL,HDFCAMC - HDFCQUAL
HDFCSENSEX,HDFCAMC - HDFCSENSEX
HDFCSILVER,HDFCAMC - HDFCSILVER
HDFCSML250,HDFCAMC - HDFCSML250
HDFCVALUE,HDFCAMC - HDFCVALUE
HEALTHIETF,ICICIPRAMC - ICICIPHARM
HEALTHY,BIRLASLAMC - HEALTHY
HEG,HEG LTD
HEIDELBERG,HEIDELBERGCEMENT (I) LTD
HEMIPROP,HEMISPHERE PROP IND LTD
HERANBA,HERANBA INDUSTRIES LTD
HERCULES,HERCULES HOI. LTD.
HERITGFOOD,HERITAGE FOODS LTD
HEROMOTOCO,HERO MOTOCORP LIMITED
HESTERBIO,HESTER BIOSCIENCES LTD
HEUBACHIND,HEUBACH COLORANTS IND LTD
HEXATRADEX,HEXA TRADEX LIMITED
HFCL,HFCL LIMITED
HGINFRA,H.G.INFRA ENGINEERING LTD
HGS,HINDUJA GLOBAL SOLS. LTD.
HIKAL,HIKAL LIMITED
HIL,HIL LIMITED
HILTON,HILTON METAL FORGING LTD
HIMATSEIDE,HIMATSINGKA SEIDE LTD
HINDALCO,HINDALCO  INDUSTRIES  LTD
HINDCOMPOS,HINDUSTAN COMPOSITES LTD.
HINDCOPPER,HINDUSTAN COPPER LTD
HINDOILEXP,HINDUSTAN OIL EXPLORATION
HINDPETRO,HINDUSTAN PETROLEUM CORP
HINDUNILVR,HINDUSTAN UNILEVER LTD.
HINDWAREAP,HINDWARE HME INOVATON LTD
HINDZINC,HINDUSTAN ZINC LIMITED
HIRECT,HIND RECTIFIER LIMITED
HISARMETAL,HISAR METAL IND. LIMITED
HITECH,HI-TECH PIPES LIMITED
HITECHCORP,HITECH CORPORATION LTD
HITECHGEAR,THE HI-TECH GEARS LIMITED
HLEGLAS,HLE GLASCOAT LIMITED
HLVLTD,HLV LIMITED
HMAAGRO,HMA AGRO INDUSTRIES LTD
HMVL,HINDUSTAN MEDIA VENT LTD
HNDFDS,HINDUSTAN FOODS LIMITED
HNGSNGBEES,NIP IND ETF HANGSENG BEES
HOMEFIRST,HOME FIRST FIN CO IND LTD
HONASA,HONASA CONSUMER LIMITED
HONAUT,HONEYWELL AUTOMATION IND
HONDAPOWER,HONDA I POWER PRODUCT LTD
HPAL,HP ADHESIVES LIMITED
HPL,HPL ELECTRIC & POWER LTD
HSCL,HIMADRI SPECIALITY CHEM L
HTMEDIA,HT MEDIA LIMITED
HUDCO,HSG & URBAN DEV CORPN LTD
HUHTAMAKI,HUHTAMAKI INDIA LIMITED
HYUNDAI,HYUNDAI MOTOR INDIA LTD
ICEMAKE,ICE MAKE REFRIGERAT LTD
ICICIB22,ICICIPRAMC - BHARATIWIN
ICICIBANK,ICICI BANK LTD.
ICICIGI,ICICI LOMBARD GIC LIMITED
ICICIPRULI,ICICI PRU LIFE INS CO LTD
ICIL,INDO COUNT INDUSTRIES LTD
ICRA,ICRA LIMITED
IDBI,IDBI BANK LIMITED
IDEA,VODAFONE IDEA LIMITED
IDEAFORGE,IDEAFORGE TECHNO LTD
IDFC,IDFC LIMITED
IDFCFIRSTB,IDFC FIRST BANK LIMITED
IDFNIFTYET,BANDHANAMC - IDFNIFTYET
IEX,INDIAN ENERGY EXC LTD
IFBIND,IFB INDUSTRIES LTD
IFCI,IFCI LTD
IFGLEXPOR,IFGL REFRACTORIES LIMITED
IGARASHI,IGARASHI MOTORS INDIA LTD
IGL,INDRAPRASTHA GAS LTD
IGPL,I G PETROCHEMICALS LTD
IIFL,IIFL FINANCE LIMITED
IIFLSEC,IIFL SECURITIES LIMITED
IKIO,IKIO LIGHTING LIMITED
IMAGICAA,IMAGICAAWORLD ENT LTD
IMFA,INDIAN METALS & FERRO
IMPAL,IND MOTOR PART & ACC LTD
INDBANK,INDBANK MERCH BANK
INDGN,INDEGENE LIMITED
INDHOTEL,THE INDIAN HOTELS CO. LTD
INDIACEM,THE INDIA CEMENTS LIMITED
INDIAGLYCO,INDIA GLYCOLS LTD
INDIAMART,INDIAMART INTERMESH LTD
INDIANB,INDIAN BANK
INDIANCARD,INDIAN CARD CLOTHING CO.
INDIANHUME,INDIAN HUME PIPE CO. LTD.
INDIASHLTR,INDIA SHELTER FIN CORP L
INDIGO,INTERGLOBE AVIATION LTD
INDIGOPNTS,INDIGO PAINTS LIMITED
INDNIPPON,INDIA NIPPON ELECT  LTD
INDOAMIN,INDO AMINES LIMITED
INDOBORAX,INDO BORAX & CHEMICAL LTD
INDOCO,INDOCO REMEDIES LTD.
INDORAMA,INDO RAMA SYNTHETICS LTD
INDOSTAR,INDOSTAR CAPITAL FIN LTD
INDRAMEDCO,INDRAPRASTHA MEDICAL CORP
INDTERRAIN,IND TERRAIN FASHIONS LTD
INDUSINDBK,INDUSIND BANK LIMITED
INDUSTOWER,INDUS TOWERS LIMITED
INFIBEAM,INFIBEAM AVENUES LIMITED
INFOBEAN,INFOBEANS TECHNO. LTD.
INFRABEES,NIP IND ETF INFRA BEES
INFRAIETF,ICICIPRAMC - ICICIINFRA
INFY,INFOSYS LIMITED
INGERRAND,INGERSOLL-RAND INDIA LTD
INNOVACAP,INNOVA CAPTAB LIMITED
INOXGREEN,INOX GREEN ENERGY SER LTD
INOXINDIA,INOX INDIA LIMITED
INOXWIND,INOX WIND LIMITED
INSECTICID,INSECTICIDES (I) LTD
INTELLECT,INTELLECT DESIGN ARENA
INTENTECH,INTENSE TECHNOLOGIES LTD
INTERARCH,INTERARCH BUILDING PROD L
INTLCONV,INTL CONVEYORS LIMITED
INVENTURE,INVENTURE GRO & SEC LTD
IOB,INDIAN OVERSEAS BANK
IOC,INDIAN OIL CORP LTD
IOLCP,IOL CHEM AND PHARMA LTD
IONEXCHANG,ION EXCHANGE (INDIA) LTD
IPCALAB,IPCA LABORATORIES LTD
IPL,INDIA PESTICIDES LIMITED
IRB,IRB INFRA DEV LTD.
IRCON,IRCON INTERNATIONAL LTD
IRCTC,INDIAN RAIL TOUR CORP LTD
IREDA,INDIAN RENEWABLE ENERGY
IRFC,INDIAN RAILWAY FIN CORP L
IRISDOREME,IRIS CLOTHINGS LIMITED
IRMENERGY,IRM ENERGY LIMITED
ISEC,ICICI SECURITIES LIMITED
ISFT,INTRASOFT TECH. LTD
ISGEC,ISGEC HEAVY ENG LTD
IT,KOTAKMAMC - KOTAKIT
ITBEES,NIP IND ETF IT
ITC,ITC LTD
ITDC,INDIA TOUR. DEV. CO. LTD.
ITDCEM,ITD CEMENTATION INDIA LTD
ITETF,MIRAEAMC - ITETF
ITETFADD,DSPAMC - DSPITETF
ITI,ITI LTD
ITIETF,ICICIPRAMC - ICICITECH
IVC,IL&FS INVESTMENT MANAGERS
IWEL,INOX WIND ENERGY LIMITED
IXIGO,LE TRAVENUES TECHNOLOGY L
J&KBANK,J & K BANK LTD.
JAGRAN,JAGRAN PRAKASHAN LIMITED
JAGSNPHARM,JAGSONPAL PHARMACEUTICALS
JAIBALAJI,JAI BALAJI INDUSTRIES LTD
JAICORPLTD,JAI CORP LIMITED
JAMNAAUTO,JAMNA AUTO IND LTD
JASH,JASH ENGINEERING LIMITED
JAYAGROGN,JAYANT AGRO ORGANICS LTD
JAYBARMARU,JAY BHARAT MARUTI LTD
JAYNECOIND,JAYASWAL NECO INDUSTR LTD
JAYSREETEA,JAYSHREE TEA & INDUSTRIES
JBCHEPHARM,J B CHEMICALS AND PHARMA
JBMA,JBM AUTO LIMITED
JCHAC,JOHNSON CONTROLS HITACHI
JETFREIGHT,JET FREIGHT LOGISTICS LTD
JGCHEM,J.G.CHEMICALS LIMITED
JINDALPHOT,JINDAL PHOTO LIMITED
JINDALPOLY,JINDAL POLY FILMS LIMITED
JINDALSAW,JINDAL SAW LIMITED
JINDALSTEL,JINDAL STEEL & POWER LTD
JINDRILL,JINDAL DRILLING IND. LTD
JINDWORLD,JINDAL WORLDWIDE LTD
JIOFIN,JIO FIN SERVICES LTD
JISLDVREQS,JAIN DVR EQUITY SHARES
JISLJALEQS,JAIN IRRIGATION SYSTEMS
JITFINFRA,JITF INFRALOGISTICS LTD
JKCEMENT,JK CEMENT LIMITED
JKIL,JKUMAR INFR.LTD.
JKLAKSHMI,JK LAKSHMI CEMENT LTD
JKPAPER,JK PAPER LIMITED
JKTYRE,JK TYRE & INDUSTRIES LTD
JLHL,JUPITER LIFE LINE HOSP L
JMA,JULLUNDUR MOT AGENCY LTD
JMFINANCIL,JM FINANCIAL LIMITED
JOCIL,JOCIL LIMITED
JPASSOCIAT,JAIPRAKASH ASSOCIATES LTD
JPOLYINVST,JIND POL INV & FIN CO LTD
JPPOWER,JAIPRAKASH POWER VEN. LTD
JSFB,JANA SMALL FIN BANK LTD
JSL,JINDAL STAINLESS LIMITED
JSWENERGY,JSW ENERGY LIMITED
JSWHL,JSW HOLDINGS LIMITED
JSWINFRA,JSW INFRASTRUCTURE LTD
JSWSTEEL,JSW STEEL LIMITED
JTEKTINDIA,JTEKT INDIA LIMITED
JTLIND,JTL INDUSTRIES LIMITED
JUBLFOOD,JUBILANT FOODWORKS LTD
JUBLINDS,JUBILANT INDUSTRIES LTD
JUBLINGREA,JUBILANT INGREVIA LIMITED
JUBLPHARMA,JUBILANT PHARMOVA LTD
JUNIORBEES,NIP IND ETF JUNIOR BEES
JUNIPER,JUNIPER HOTELS LIMITED
JUSTDIAL,JUSTDIAL LTD.
JWL,JUPITER WAGONS LIMITED
JYOTHYLAB,JYOTHY LABS LIMITED
JYOTICNC,JYOTI CNC AUTOMATION LTD
JYOTISTRUC,JYOTI STRUCTURES LTD
KABRAEXTRU,KABRA EXTRUSION TECHNIK L
KAJARIACER,KAJARIA CERAMICS LTD
KAKATCEM,KAKATIYA CEM SUGAR &IND L
KALAMANDIR,SAI SILKS (KALAMANDIR) L
KALYANKJIL,KALYAN JEWELLERS IND LTD
KAMATHOTEL,KAMAT HOTELS (I) LTD
KAMDHENU,KAMDHENU LIMITED
KAMOPAINTS,KAMDHENU VENTURES LIMITED
KANORICHEM,KANORIA CHEMICALS & INDUS
KANPRPLA,KANPUR PLASTIPACK LIMITED
KANSAINER,KANSAI NEROLAC PAINTS LTD
KARURVYSYA,KARUR VYSYA BANK LTD
KAYNES,KAYNES TECHNOLOGY IND LTD
KBCGLOBAL,KBC GLOBAL LIMITED
KCP,KCP LTD
KCPSUGIND,KCPSUGARINDUS
KDDL,KDDL LIMITED
KEC,KEC INTL. LIMITED
KECL,KIRLOSKAR ELECTRIC CO LTD
KEI,KEI INDUSTRIES LTD.
KELLTONTEC,KELLTON TECH SOL LTD
KERNEX,KERNEX MICROSYS(I) LTD
KESORAMIND,KESORAM INDUSTRIES LTD
KFINTECH,KFIN TECHNOLOGIES LIMITED
KHADIM,KHADIM INDIA LIMITED
KHAICHEM,KHAITAN CHEM & FERT LTD
KICL,KALYANI INVEST CO LTD
KILITCH,KILITCH DRUGS INDIA LTD
KIMS,KRISHNA INST OF MED SCI L
KINGFA,KINGFA SCI & TEC IND LTD.
KIOCL,KIOCL LIMITED
KIRIINDUS,KIRI INDUSTRIES LIMITED
KIRLFER,KIRLOSKAR FERROUS IND LTD
KIRLOSBROS,KIRLOSKAR BROTHERS LTD
KIRLOSENG,KIRLOSKAR OIL ENG LTD
KIRLOSIND,KIRLOSKAR INDUSTRIES LTD
KIRLPNU,KIRLOSKAR PNEUMATIC COM L
KITEX,KITEX GARMENTS LTD
KKCL,KEWAL KIRAN CLOTHING LTD
KMSUGAR,K M SUGAR MILLS LTD
KNRCON,KNR CONSTRU LTD.
KOHINOOR,KOHINOOR FOODS LIMITED
KOKUYOCMLN,KOKUYO CAMLIN LIMITED
KOLTEPATIL,KOLTE PATIL DEV. LTD.
KOPRAN,KOPRAN LTD
KOTAKBANK,KOTAK MAHINDRA BANK LTD
KOTARISUG,KOTHARI SUG & CHEM LTD.
KOTHARIPET,KOTHARI PETROCHEM LTD
KOTHARIPRO,KOTHARI PRODUCTS
KPIGREEN,KPI GREEN ENERGY LIMITED
KPIL,KALPATARU PROJECT INT LTD
KPITTECH,KPIT TECHNOLOGIES LIMITED
KPRMILL,KPR MILL LTD.
KRBL,KRBL LIMITED
KRISHANA,KRISHANA PHOSCHEM LIMITED
KRITI,KRITI INDUSTRIES IND LTD
KRITINUT,KRITI NUTRIENTS LIMITED
KRONOX,KRONOX LAB SCIENCES LTD
KRSNAA,KRSNAA DIAGNOSTICS LTD
KRYSTAL,KRYSTAL INTEGRATED SER L
KSB,KSB LIMITED
KSCL,KAVERI SEED CO. LTD.
KSL,KALYANI STEELS LIMITED
KSOLVES,KSOLVES INDIA LIMITED
KTKBANK,KARNATAKA BANK LIMITED
KUANTUM,KUANTUM PAPERS LIMITED
LAL,LORENZINI APPARELS LTD
LALPATHLAB,DR. LAL PATH LABS LTD.
LAMBODHARA,LAMBODHARA TEXTILES LTD.
LANDMARK,LANDMARK CARS LIMITED
LAOPALA,LA OPALA RG LIMITED
LATENTVIEW,LATENT VIEW ANALYTICS LTD
LAURUSLABS,LAURUS LABS LIMITED
LAXMICOT,LAXMI COTSPIN LIMITED
LEMONTREE,LEMON TREE HOTELS LTD
LGBBROSLTD,LG BALAKRISHNAN & BROS
LIBAS,LIBAS CONSU PRODUCTS LTD
LIBERTSHOE,LIBERTY SHOES LTD
LICHSGFIN,LIC HOUSING FINANCE LTD
LICI,LIFE INSURA CORP OF INDIA
LICMFGOLD,LIC MF - LIC GOLD ETF
LICNETFGSC,LICNAMC - LICNMFET
LICNETFN50,LICNAMC - LICNFENGP
LIKHITHA,LIKHITHA INFRASTRUC LTD
LINC,LINC LIMITED
LINCOLN,LINCOLN PHARMA LTD
LINDEINDIA,LINDE INDIA LIMITED
LIQUID,MIRAEAMC - LIQUID
LIQUIDADD,DSPAMC - LIQUIDADD
LIQUIDBEES,NIP IND ETF LIQUID BEES
LIQUIDCASE,ZERODHAAMC - LIQUIDCASE
LIQUIDETF,DSP LIQUID ETF
LIQUIDIETF,ICICIPRAMC - ICICILIQ
LLOYDSENGG,LLOYDS ENGG WORK LIMITED
LLOYDSME,LLOYDS METALS N ENERGY L
LMW,LMW LIMITED
LODHA,MACROTECH DEVELOPERS LTD
LOKESHMACH,LOKESH MACHINES LTD
LOTUSEYE,LOTUS EYE HOSP & INST L
LOVABLE,LOVABLE LINGERIE LTD
LOWVOL1,KOTAKMAMC - KOTAKLOVOL
LOWVOLIETF,ICICI PR NIF LW VL 30 ETF
LT,LARSEN & TOUBRO LTD.
LTF,L&T FINANCE LIMITED
LTFOODS,LT FOODS LIMITED
LTGILTBEES,NIP IND ETF LONGTERM GILT
LTIM,LTIMINDTREE LIMITED
LTTS,L&T TECHNOLOGY SER. LTD.
LUMAXIND,LUMAX INDUSTRIES LTD
LUMAXTECH,LUMAX AUTO TECH LTD
LUPIN,LUPIN LIMITED
LUXIND,LUX INDUSTRIES LIMITED
LXCHEM,LAXMI ORGANIC INDUS LTD
LYKALABS,LYKA LABS LTD
M&M,MAHINDRA & MAHINDRA LTD
M&MFIN,M&M FIN. SERVICES LTD
MAANALU,MAAN ALUMINIUM LIMITED
MADRASFERT,MADRAS FERTILISERS LTD
MAFANG,MIRAEAMC - MAFANG
MAGADSUGAR,MAGADH SUGAR & ENERGY LTD
MAGNUM,MAGNUM VENTURES LTD.
MAHABANK,BANK OF MAHARASHTRA
MAHAPEXLTD,MAHA RASHTRA APEX COPR. L
MAHEPC,MAHINDRA EPC IRRIG LTD
MAHESHWARI,MAHESHWARI LOGISTICS LTD.
MAHKTECH,MIRAEAMC - MAHKTECH
MAHLIFE,MAHINDRA LIFESPACE DEVLTD
MAHLOG,MAHINDRA LOGISTIC LIMITED
MAHSCOOTER,MAHSCOOTER - DEP SETT
MAHSEAMLES,MAHARASHTRA SEAMLESS LTD
MAITHANALL,MAITHAN ALLOYS LTD
MAKEINDIA,MIRAEAMC - MAMFGETF
MANAKSIA,MANAKSIA LTD.
MANAKSTEEL,MANAKSIA STEELS LTD
MANALIPETC,MANALI PETROCHEMICALS LT
MANAPPURAM,MANAPPURAM FINANCE LTD
MANGALAM,MANGALAM DRUG & CHEM LTD
MANGCHEFER,MANG.CHEM.FERT.LTD
MANGLMCEM,MANGALAM CEMENT LTD
MANINDS,MAN INDUSTRIES (I) LTD.
MANINFRA,MAN INFRA LTD
MANKIND,MANKIND PHARMA LIMITED
MANORAMA,MANORAMA INDUSTRIES LTD
MANYAVAR,VEDANT FASHIONS LIMITED
MAPMYINDIA,C.E. INFO SYSTEMS LIMITED
MARALOVER,MARAL OVERSEAS LTD
MARATHON,MARATHON NXTGEN REALT LTD
MARICO,MARICO LIMITED
MARKSANS,MARKSANS PHARMA LIMITED
MARUTI,MARUTI SUZUKI INDIA LTD.
MASFIN,MAS FINANCIAL SERV LTD
MASPTOP50,MIRAEAMC - MASPTOP50
MASTEK,MASTEK LTD
MATRIMONY,MATRIMONY.COM LIMITED
MAWANASUG,MAWANA SUGARS LIMITED
MAXESTATES,MAX ESTATES LIMITED
MAXHEALTH,MAX HEALTHCARE INS LTD
MAXIND,MAX INDIA LIMITED
MAYURUNIQ,MAYUR UNIQUOTERS LTD
MAZDA,MAZDA LIMITED
MAZDOCK,MAZAGON DOCK SHIPBUIL LTD
MBAPL,MADHYA BHARAT AGRO P. LTD
MCL,MADHAV COPPER LIMITED
MCLEODRUSS,MCLEOD RUSSEL INDIA LTD.
MCX,MULTI COMMODITY EXCHANGE
MEDANTA,GLOBAL HEALTH LIMITED
MEDIASSIST,MEDI ASSIST HEALTH SER L
MEDICAMEQ,MEDICAMEN BIOTECH LIMITED
MEDICO,MEDICO REMEDIES LIMITED
MEDPLUS,MEDPLUS HEALTH SERV LTD
MEGASOFT,MEGASOFT LTD
MEGASTAR,MEGASTAR FOODS LIMITED
MENONBE,MENON BEARINGS LIMITED
METALIETF,ICICIPRAMC - METALIETF
METROBRAND,METRO BRANDS LIMITED
METROPOLIS,METROPOLIS HEALTHCARE LTD
MFSL,MAX FINANCIAL SERV LTD
MGL,MAHANAGAR GAS LTD.
MHRIL,MAHINDRA HOLIDAYS LTD
MID150BEES,NIP IND ETF MIDCAP 150
MID150CASE,ZERODHAAMC - MID150CASE
MIDCAP,KOTAKMAMC - KOTAKMID50
MIDCAPETF,MIRAEAMC - MAM150ETF
MIDCAPIETF,ICICIPRAMC - ICICIM150
MIDHANI,MISHRA DHATU NIGAM LTD
MIDQ50ADD,DSPAMC - DSPQ50ETF
MIDSELIETF,ICICI PRUD MIDCAP SEL ETF
MIDSMALL,MIRAEAMC - MIDSMALL
MINDACORP,MINDA CORPORATION LTD
MIRZAINT,MIRZA INTERNATIONAL LIMIT
MKPL,M K PROTEINS LIMITED
MMFL,MM FORGINGS LTD
MMTC,MMTC LIMITED
MNC,KOTAKMAMC - KOTAKMNC
MODEFENCE,MOTILALAMC - MODEFENCE
MODISONLTD,MODISON LIMITED
MOHEALTH,MOTILALAMC - MOHEALTH
MOIL,MOIL LIMITED
MOL,MEGHMANI ORGANICS LIMITED
MOLDTECH,MOLD-TEK TECHNOLOGIES LTD
MOLDTKPAC,MOLD-TEK PACKAGING LTD
MOLOWVOL,MOTILALAMC - MOLOWVOL
MOM100,MOTILAL OS MIDCAP100 ETF
MOM30IETF,ICICIPRAMC - ICICIMOM30
MOM50,MOTILAL OSWAL M50 ETF
MOMENTUM,BIRLASLAMC - MOMENTUM
MOMOMENTUM,MOTILALAMC - MOMOMENTUM
MON100,MOTILAL OS NASDAQ100 ETF
MONARCH,MONARCH NETWORTH CAP LTD
MONIFTY500,MOTILALAMC - MONIFTY500
MONQ50,MOTILALAMC - MONQ50
MONTECARLO,MONTE CARLO FASHIONS LTD.
MOQUALITY,MOTILALAMC - MOQUALITY
MOREALTY,MOTILALAMC - MOREALTY
MOREPENLAB,MOREPEN LAB. LTD
MOSMALL250,MOTILALAMC - MOSMALL250
MOTHERSON,SAMVRDHNA MTHRSN INTL LTD
MOTILALOFS,MOTILAL OSWAL FIN LTD
MOTISONS,MOTISONS JEWELLERS LTD
MOVALUE,MOTILALAMC - MOVALUE
MPHASIS,MPHASIS LIMITED
MPSLTD,MPS LIMITED
MRF,MRF LTD
MRO-TEK,MRO-TEK REALTY LIMITED
MRPL,MRPL
MSPL,MSP STEEL & POWER LTD.
MSTCLTD,MSTC LIMITED
MSUMI,MOTHERSON SUMI WRNG IND L
MTARTECH,MTAR TECHNOLOGIES LIMITED
MTNL,MAHANAGAR TELEPHONE NIGAM
MUFIN,MUFIN GREEN FINANCE LTD
MUFTI,CREDO BRANDS MARKETING L
MUKANDLTD,MUKAND LTD.
MUKKA,MUKKA PROTEINS LIMITED
MULTICAP,MIRAEAMC - MULTICAP
MUNJALAU,MUNJAL AUTO IND. LTD.
MUNJALSHOW,MUNJAL SHOWA LTD
MURUDCERA,MURUDESHWAR CERAMICS LTD
MUTHOOTCAP,MUTHOOT CAP SERV LTD
MUTHOOTFIN,MUTHOOT FINANCE LIMITED
MUTHOOTMF,MUTHOOT MICROFIN LIMITED
MVGJL,MANOJ VAIBHAV GEM N JEW L
NACLIND,NACL INDUSTRIES LIMITED
NAGAFERT,NAGARJUN FERT AND CHE LTD
NAHARCAP,NAHAR CAP & FIN.
NAHARINDUS,NAHAR INDS ENT LTD
NAHARSPING,NAHAR SPINNING MILLS LTD.
NAM-INDIA,NIPPON L I A M LTD
NATCOPHARM,NATCO PHARMA LTD.
NATHBIOGEN,NATH BIO-GENES (I) LTD
NATIONALUM,NATIONAL ALUMINIUM CO LTD
NAUKRI,INFO EDGE (I) LTD
NAVA,NAVA LIMITED
NAVINFLUOR,NAVIN FLUORINE INT. LTD
NAVKARCORP,NAVKAR CORPORATION LTD.
NAVNETEDUL,NAVNEET EDUCATION LTD
NAZARA,NAZARA TECHNOLOGIES LTD
NBCC,NBCC (INDIA) LIMITED
NCC,NCC LIMITED
NCLIND,NCL INDUSTRIES LIMITED
NDL,NANDAN DENIM LIMITED
NDLVENTURE,NDL VENTURES LIMITED
NDRAUTO,NDR AUTO COMPONENTS LTD
NDTV,NDTV LTD
NECCLTD,NORTH EAST CARRY CORP LTD
NECLIFE,NECTAR LIFESCIENCES LTD.
NELCAST,NELCAST LIMITED
NELCO,NELCO LTD
NEOGEN,NEOGEN CHEMICALS LIMITED
NESCO,NESCO LTD.
NESTLEIND,NESTLE INDIA LIMITED
NETF,TATAAML - NETF
NETWEB,NETWEB TECH INDIA LTD
NETWORK18,NETWORK18 MEDIA & INV LTD
NEULANDLAB,NEULAND LAB LTD.
NEWGEN,NEWGEN SOFTWARE TECH LTD
NEXT50,MIRAEAMC - MANXT50
NEXT50IETF,ICICIPRAMC - ICICINXT50
NFL,NATIONAL FERT. LTD
NGIL,NAKODA GROUP OF IND. LTD
NGLFINE,NGL FINE CHEM LIMITED
NH,NARAYANA HRUDAYALAYA LTD.
NHPC,NHPC LTD
NIACL,THE NEW INDIA ASSU CO LTD
NIF100BEES,NIP IND ETF NIFTY 100
NIF100IETF,ICICI PRUD NIFTY 100 ETF
NIFMID150,UTIAMC - NIFMID150
NIFTY1,KOTAK NIFTY ETF
NIFTY50ADD,DSPAMC - DSPN50ETF
NIFTYBEES,NIP IND ETF NIFTY BEES
NIFTYBETF,BFAM - NIFTYBETF
NIFTYETF,MIRAEAMC - MAN50ETF
NIFTYIETF,ICICI PRUD NIFTY ETF
NIFTYQLITY,BIRLASLAMC - NIFTYQLITY
NIITLTD,NIIT LIMITED
NIITMTS,NIIT LEARNING SYSTEMS LTD
NILAINFRA,NILA INFRASTRUCTURES LTD
NILKAMAL,NILKAMAL LIMITED
NINSYS,NINTEC SYSTEMS LIMITED
NIRLON,NIRLON LTD
NITCO,NITCO LIMITED
NITINSPIN,NITIN SPINNERS LIMITED
NLCINDIA,NLC INDIA LIMITED
NMDC,NMDC LTD.
NOCIL,NOCIL LIMITED
NOVAAGRI,NOVA AGRITECH LIMITED
NPBET,TATAAML - NPBET
NRAIL,N R AGARWAL INDS LTD
NRBBEARING,NRB BEARING LIMITED
NRL,NUPUR RECYCLERS LIMITED
NSIL,NALWA SONS INVESTMENT LTD
NSLNISP,NMDC STEEL LIMITED
NTPC,NTPC LTD
NUCLEUS,NUCLEUS SOFTWARE EXPORTS
NURECA,NURECA LIMITED
NUVAMA,NUVAMA WEALTH MANAGE LTD
NUVOCO,NUVOCO VISTAS CORP LTD
NV20,KOTAKMAMC - KTKNV20ETF
NV20BEES,NIP IND ETF ETF NV20
NV20IETF,ICICI PRUDENTIAL NV20 ETF
NYKAA,FSN E COMMERCE VENTURES
OAL,ORIENTAL AROMATICS LTD
OBCL,ORISSA BENGAL CARRIER LTD
OBEROIRLTY,OBEROI REALTY LIMITED
OCCL,ORIENTAL CARBN & CHEM LTD
OFSS,ORACLE FIN SERV SOFT LTD.
OIL,OIL INDIA LTD
OILIETF,ICICIPRAMC - OILIETF
OLAELEC,OLA ELECTRIC MOBILITY LTD
OLECTRA,OLECTRA GREENTECH LIMITED
OMAXE,OMAXE LIMITED
OMINFRAL,OM INFRA LIMITED
ONEPOINT,ONE POINT ONE SOL LTD
ONGC,OIL AND NATURAL GAS CORP.
ONMOBILE,ONMOBILE GLOBAL LTD.
ONWARDTEC,ONWARD TECHNOLOGIES LTD
OPTIEMUS,OPTIEMUS INFRACOM LTD
ORBTEXP,ORBIT EXPORTS LIMITED
ORCHPHARMA,ORCHID PHARMA LIMITED
ORICONENT,ORICON ENTERPRISES LTD
ORIENTBELL,ORIENT BELL LIMITED
ORIENTCEM,ORIENT CEMENT LTD.
ORIENTCER,ORIENT CERATECH LIMITED
ORIENTELEC,ORIENT ELECTRIC LIMITED
ORIENTHOT,ORIENT HOTELS LTD
ORIENTPPR,ORIENT PAPER AND INDS LTD
ORIENTTECH,ORIENT TECHNOLOGIES LTD
ORISSAMINE,ORISSA MIN DEV CO LTD
OSWALAGRO,OSWAL AGRO MILLS LTD
OSWALGREEN,OSWAL GREENTECH LIMITED
PAGEIND,PAGE INDUSTRIES LTD
PAISALO,PAISALO DIGITAL LIMITED
PAKKA,PAKKA LIMITED
PALASHSECU,PALASH SECURITIES LTD
PANACEABIO,PANACEA BIOTEC LTD.
PANAMAPET,PANAMA PETROCHEM LTD
PAR,PAR DRUGS AND CHEM LTD
PARACABLES,PARAMOUNT COMM LTD
PARADEEP,PARADEEP PHOSPHATES LTD
PARAGMILK,PARAG MILK FOODS LTD.
PARAS,PARAS DEF AND SPCE TECH L
PARKHOTELS,PARKHOTELS
PASUPTAC,PASUPATI ACRYLON LIMITED
PATANJALI,PATANJALI FOODS LIMITED
PATELENG,PATEL ENGINEERING LTD.
PATINTLOG,PATEL INT. LOG. LTD
PAVNAIND,PAVNA INDUSTRIES LIMITED
PAYTM,ONE 97 COMMUNICATIONS LTD
PCBL,PCBL LIMITED
PCJEWELLER,PC JEWELLER LTD
PDMJEPAPER,PUDUMJEE PAPER PRO. LTD
PDSL,PDS LIMITED
PEARLPOLY,PEARL POLYMERS LTD
PEL,PIRAMAL ENTERPRISES LTD
PENIND,PENNAR INDUSTRIES LTD
PENINLAND,PENINSULA LAND LIMITED
PERSISTENT,PERSISTENT SYSTEMS LTD
PETRONET,PETRONET LNG LIMITED
PFC,POWER FIN CORP LTD.
PFIZER,PFIZER LTD
PFOCUS,PRIME FOCUS LIMITED
PFS,PTC INDIA FIN SERV LTD
PGEL,PG ELECTROPLAST LTD
PGHH,P&G HYGIENE & HEALTH CARE
PGHL,PROCTER & GAMBLE HEALTH L
PGIL,PEARL GLOBAL IND LIMITED
PHARMABEES,NIPPONAMC - NETFPHARMA
PHOENIXLTD,THE PHOENIX MILLS LTD
PIDILITIND,PIDILITE INDUSTRIES LTD
PIIND,PI INDUSTRIES LTD
PILANIINVS,PILANI INV & IND COR LTD
PITTIENG,PITTI ENGINEERING LIMITED
PIXTRANS,PIX TRANSMISSIONS LIMITED
PLASTIBLEN,PLASTIBLENDS INDIA LTD
PLATIND,PLATINUM INDUSTRIES LTD
PLAZACABLE,PLAZA WIRES LIMITED
PNB,PUNJAB NATIONAL BANK
PNBGILTS,PNB GILTS LIMITED
PNBHOUSING,PNB HOUSING FIN LTD.
PNC,PRITISH NANDY COMMUNICATI
PNCINFRA,PNC INFRATECH LTD.
POCL,PONDY OXIDES & CHEM LTD
POKARNA,POKARNA LIMITED
POLICYBZR,PB FINTECH LIMITED
POLYCAB,POLYCAB INDIA LIMITED
POLYMED,POLY MEDICURE LIMITED
POLYPLEX,POLYPLEX CORPORATION LTD
PONNIERODE,PONNIE SUGARS (ERODE) LTD
POONAWALLA,POONAWALLA FINCORP LTD
POWERGRID,POWER GRID CORP. LTD.
POWERINDIA,HITACHI ENERGY INDIA LTD
POWERMECH,POWER MECH PROJECTS LTD.
PPAP,PPAP AUTOMOTIVE LIMITED
PPL,PRAKASH PIPES LIMITED
PPLPHARMA,PIRAMAL PHARMA LIMITED
PRAENG,PRAJAY ENG. SYN. LTD.
PRAJIND,PRAJ INDUSTRIES LTD
PRAKASH,PRAKASH INDUSTRIES LTD
PRAKASHSTL,PRAKASH STEELAGE LTD
PRECAM,PRECISION CAMSHAFTS LTD.
PRECWIRE,PRECISION WIRES INDIA LTD
PREMIERENE,PREMIER ENERGIES LIMITED
PREMIERPOL,PREMIER POLYFILM LTD
PRESTIGE,PRESTIGE ESTATE LTD
PRICOLLTD,PRICOL LIMITED
PRIMESECU,PRIME SECURITIES LIMITED
PRINCEPIPE,PRINCE PIPES FITTINGS LTD
PRITI,PRITI INTERNATIONAL LTD
PRITIKAUTO,PRITIKA AUTO INDUS LTD
PRIVISCL,PRIVI SPECIALITY CHE LTD
PROZONER,PROZONE REALTY LIMITED
PRSMJOHNSN,PRISM JOHNSON LIMITED
PRUDENT,PRUDENT CORP ADV SER LTD
PSB,PUNJAB & SIND BANK
PSPPROJECT,PSP PROJECTS LIMITED
PSUBANK,KOTAK PSU BANK
PSUBANKADD,DSPAMC - DSPPSBKETF
PSUBNKBEES,NIP IND ETF PSU BANK BEES
PSUBNKIETF,ICICIPRAMC - PSUBANKICI
PTC,PTC INDIA LIMITED
PTCIL,PTC INDUSTRIES LIMITED
PTL,PTL ENTERPRISES LTD
PUNJABCHEM,PUNJAB CHEM & CROP PROT L
PURVA,PURAVANKARA LIMITED
PVP,PVP VENTURES LIMITED
PVRINOX,PVR INOX LIMITED
PVSL,POPULAR VEHICLES N SER L
PVTBANIETF,ICICIPRAMC - ICICIBANKP
PVTBANKADD,DSPAMC - DSPPVBKETF
PYRAMID,PYRAMID TECHNOPLAST LTD
QGOLDHALF,QUANTUM GOLD FUND
QNIFTY,QUANTUM NIFTY 50 ETF
QUAL30IETF,ICICIPRAMC - ICICIQTY30
QUESS,QUESS CORP LIMITED
QUICKHEAL,QUICK HEAL TECH LTD
RACE,RACE ECO CHAIN LIMITED
RADHIKAJWE,RADHIKA JEWELTECH LIMITED
RADIANTCMS,RADIANT CASH MGMT SER LTD
RADICO,RADICO KHAITAN LTD
RADIOCITY,MUSIC BROADCAST LIMITED
RAILTEL,RAILTEL CORP OF IND LTD
RAIN,RAIN INDUSTRIES LIMITED
RAINBOW,RAINBOW CHILDRENS MED LTD
RAJESHEXPO,RAJESH EXPORTS LTD
RAJRATAN,RAJRATAN GLOBAL WIRE LTD
RAJSREESUG,RAJSHREE SUGAR & CHEMICAL
RALLIS,RALLIS INDIA LTD
RAMANEWS,SHREE RAMA NEWSPRINT LTD
RAMAPHO,RAMA PHOSPHATES LIMITED
RAMASTEEL,RAMA STEEL TUBES LIMITED
RAMCOCEM,THE RAMCO CEMENTS LIMITED
RAMCOIND,RAMCO INDUSTRIES LIMITED
RAMCOSYS,RAMCO SYSTEMS LTD.
RAMKY,RAMKY INFRA LTD
RAMRAT,RAM RATNA WIRES LIMITED
RANASUG,RANA SUGARS LTD.
RANEENGINE,RANE ENG VALVE LTD
RANEHOLDIN,RANE HOLDINGS LIMITED
RATEGAIN,RATEGAIN TRAVEL TECHN LTD
RATNAMANI,RATNAMANI MET & TUB LTD.
RATNAVEER,RATNAVEER PRECISION ENG L
RAYMOND,RAYMOND LTD
RAYMONDLSL,RAYMOND LIFESTYLE LIMITED
RBA,RESTAURANT BRAND ASIA LTD
RBL,RANE BRAKE LINING LTD
RBLBANK,RBL BANK LIMITED
RCF,RASHTRIYA CHEMICALS & FER
RECLTD,REC LIMITED
REDINGTON,REDINGTON LIMITED
REDTAPE,REDTAPE LIMITED
REFEX,REFEX INDUSTRIES LIMITED
RELAXO,RELAXO FOOT LTD.
RELIANCE,RELIANCE INDUSTRIES LTD
RELIGARE,RELIGARE ENTER. LTD.
RELINFRA,RELIANCE INFRASTRUCTU LTD
RENUKA,SHREE RENUKA SUGARS LTD
REPCOHOME,REPCO HOME FINANCE LTD
REPL,RUDRABHISHEK ENTERP LTD
REPRO,REPRO INDIA LIMITED
RESPONIND,RESPONSIVE INDUSTRIES LTD
RGL,RENAISSANCE GLOBAL LTD
RHFL,RELIANCE HOME FINANCE LTD
RHIM,RHI MAGNESITA INDIA LTD
RICOAUTO,RICO AUTO INDUSTRIES LTD
RIIL,RELIANCE INDUSTRIAL INFRA
RISHABH,RISHABH INSTRUMENTS LTD
RITCO,RITCO LOGISTICS LIMITED
RITES,RITES LIMITED
RKFORGE,RAMKRISHNA FORGINGS LTD
RKSWAMY,R K SWAMY LIMITED
RML,RANE (MADRAS) LIMITED
ROHLTD,ROYAL ORCHID HOTELS LTD
ROLEXRINGS,ROLEX RINGS LIMITED
ROSSARI,ROSSARI BIOTECH LIMITED
ROSSELLIND,ROSSELL INDIA LIMITED
ROTO,ROTO PUMPS LIMITED
ROUTE,ROUTE MOBILE LIMITED
RPEL,RAGHAV PRODUCTIVITY ENH L
RPGLIFE,RPG LIFE SCIENCES LTD
RPOWER,RELIANCE POWER LTD.
RPSGVENT,RPSG VENTURES LIMITED
RPTECH,RASHI PERIPHERALS LIMITED
RRKABEL,R R KABEL LIMITED
RSWM,RSWM LIMITED
RSYSTEMS,R SYS INTERNATIONAL LTD
RTNINDIA,RATTANINDIA ENT LIMITED
RUBFILA,RUBFILA INTERNATIONAL LTD
RUBYMILLS,THE RUBY MILLS LTD
RUCHIRA,RUCHIRA PAPERS LIMITED
RUPA,RUPA & COMPANY LTD
RUSHIL,RUSHIL DECOR LIMITED
RUSTOMJEE,KEYSTONE REALTORS LIMITED
RVNL,RAIL VIKAS NIGAM LIMITED
SADHNANIQ,SADHANA NITROCHEM LIMITED
SAFARI,SAFARI IND (INDIA) LTD
SAGCEM,SAGAR CEMENTS LIMITED
SAH,SAH POLYMERS LIMITED
SAHYADRI,SAHYADRI INDUSTRIES LTD
SAIL,STEEL AUTHORITY OF INDIA
SAKAR,SAKAR HEALTHCARE LIMITED
SAKHTISUG,SAKTHI SUGARS LTD
SAKSOFT,SAKSOFT LIMITED
SAKUMA,SAKUMA EXPORTS LIMITED
SALASAR,SALASAR TECHNO ENGG. LTD.
SALSTEEL,S.A.L. STEEL LTD.
SALZERELEC,SALZER ELECTRONICS LTD
SAMHI,SAMHI HOTELS LIMITED
SAMMAANCAP,SAMMAAN CAPITAL LIMITED
SANDESH,SANDESH LTD
SANDHAR,SANDHAR TECHNOLOGIES LTD
SANDUMA,SANDUR MANG & IRON ORES L
SANGAMIND,SANGAM (INDIA) LTD
SANGHIIND,SANGHI INDUSTRIES LTD
SANGHVIMOV,SANGHVI MOVERS LTD
SANOFI,SANOFI INDIA LIMITED
SANSERA,SANSERA ENGINEERING LTD
SANSTAR,SANSTAR LIMITED
SAPPHIRE,SAPPHIRE FOODS INDIA LTD
SARDAEN,SARDA ENERGY & MIN LTD
SAREGAMA,SAREGAMA INDIA LIMITED
SARLAPOLY,SARLA PERF. FIBERS LTD
SARVESHWAR,SARVESHWAR FOODS LIMITED
SASKEN,SASKEN TECHNOLOGIES LTD
SASTASUNDR,SASTASUNDAR VENTURES LTD
SATIA,SATIA INDUSTRIES LIMITED
SATIN,SATIN CREDIT NET LTD
SATINDLTD,SAT INDUSTRIES LIMITED
SAURASHCEM,SAURASHTRA CEMENT LIMITED
SBC,SBC EXPORTS LIMITED
SBCL,SHIVALIK BIMETAL CON. LTD
SBFC,SBFC FINANCE LIMITED
SBGLP,SURATWWALA BUS GROUP LTD
SBICARD,SBI CARDS & PAY SER LTD
SBIETFCON,SBIAMC - SBIETFCON
SBIETFIT,SBIAMC - SBIETFIT
SBIETFPB,SBIAMC - SBIETFPB
SBIETFQLTY,SBIAMC - SBIETFQLTY
SBILIFE,SBI LIFE INSURANCE CO LTD
SBIN,STATE BANK OF INDIA
SBISILVER,SBIAMC - SBISILVER
SCHAEFFLER,SCHAEFFLER INDIA LIMITED
SCHAND,S CHAND AND COMPANY LTD
SCHNEIDER,SCHNEIDER ELECTRIC INFRA
SCI,SHIPPING CORP OF INDIA LT
SCILAL,SHIPPING CORP OF ILA LTD
SDBL,SOM DIST & BREW LTD
SEAMECLTD,SEAMEC LIMITED
SECURCRED,SECUR CREDENTIALS LIMITED
SELAN,SELAN EXPLO. TECH LTD
SENCO,SENCO GOLD LIMITED
SENSEXADD,DSPAMC - DSPSENXETF
SENSEXETF,MIRAEAMC - SENSEXETF
SENSEXIETF,ICICI PRUD SENSEX ETF
SEPC,SEPC LIMITED
SEQUENT,SEQUENT SCIENTIFIC LTD.
SERVOTECH,SERVOTECH POWER SYS LTD.
SESHAPAPER,SESHASAYEE PAPER & BOARDS
SETF10GILT,SBIAMC - SETF10GILT
SETFGOLD,SBI-ETF GOLD
SETFNIF50,SBI-ETF NIFTY 50
SETFNIFBK,SBI-ETF NIFTY BANK
SETFNN50,SBI-ETF NIFTY NEXT 50
SFL,SHEELA FOAM LIMITED
SGIL,SYNERGY GREEN IND. LTD
SHAILY,SHAILY ENG PLASTICS LTD
SHALBY,SHALBY LIMITED
SHALPAINTS,SHALIM PAINTS LTD
SHANKARA,SHANKARA BLDG PRODUCT LTD
SHANTIGEAR,SHANTHI GEARS LTD
SHARDACROP,SHARDA CROPCHEM LTD.
SHARDAMOTR,SHARDA MOTOR INDS LTD
SHAREINDIA,SHARE IND. SECURITIES LTD
SHARIABEES,NIP IND ETF SHARIAH BEES
SHEMAROO,SHEMAROO ENTER. LTD.
SHILPAMED,SHILPA MEDICARE LTD
SHIVALIK,SHIVALIK RASAYAN LIMITED
SHIVAMAUTO,SHIVAM AUTO.LTD
SHIVAMILLS,SHIVA MILLS LIMITED
SHK,S H KELKAR AND CO. LTD.
SHOPERSTOP,SHOPPERS STOP LIMITED
SHREDIGCEM,SHREE DIGVIJAY CEM CO LTD
SHREECEM,SHREE CEMENT LIMITED
SHREEPUSHK,SHRE PUSH CHEM & FERT LTD
SHREYANIND,SHREYANS INDUSTRIES LTD
SHRIPISTON,SHRIRAM PIST. & RING LTD
SHRIRAMFIN,SHRIRAM FINANCE LIMITED
SHRIRAMPPS,SHRIRAM PROPERTIES LTD
SHYAMCENT,SHYAM CENTURY FERROUS LTD
SHYAMMETL,SHYAM METALICS AND ENGY L
SIEMENS,SIEMENS LTD
SIGACHI,SIGACHI INDUSTRIES LTD
SIGIND,SIGNET INDUSTRIES LIMITED
SIGNATURE,SIGNATUREGLOBAL INDIA LTD
SIGNPOST,SIGNPOST INDIA LIMITED
SILINV,SIL INVESTMENTS LIMITED
SILVER,BIRLASLAMC - SILVER
SILVER1,KOTAKMAMC - KOTAKSILVE
SILVERADD,DSPAMC - DSPSILVETF
SILVERBEES,NIPPONAMC - NETFSILVER
SILVERETF,UTIAMC - SILVERETF
SILVERIETF,ICICIPRAMC - ICICISILVE
SILVERTUC,SILVER TOUCH TECHNO LTD
SILVRETF,MIRAEAMC - MASILVER
SINCLAIR,SINCLAIRS HOTELS LIMITED
SINDHUTRAD,SINDHU TRADE LINKS LTD
SIRCA,SIRCA PAINT INDIA LIMITED
SIS,SIS LIMITED
SIYSIL,SIYARAM SILK MILLS LTD
SJS,SJS ENTERPRISES LIMITED
SJVN,SJVN LTD
SKFINDIA,SKF INDIA LTD
SKIPPER,SKIPPER LIMITED
SKMEGGPROD,SKM EGG PROD EXPORT(I) LT
SMALLCAP,MIRAEAMC - SMALLCAP
SMCGLOBAL,SMC GLOBAL SECURITIES LTD
SMLISUZU,SML ISUZU LIMITED
SMLT,SARTHAK METALS LIMITED
SMSPHARMA,SMS PHARMACEUTICALS LTD.
SNOWMAN,SNOWMAN LOGISTICS LTD.
SOBHA,SOBHA LIMITED
SOLARA,SOLARA ACTIVE PHA SCI LTD
SOLARINDS,SOLAR INDUSTRIES (I) LTD
SOMANYCERA,SOMANY CERAMICS LIMITED
SONACOMS,SONA BLW PRECISION FRGS L
SONATSOFTW,SONATA SOFTWARE LTD
SOTL,SAVITA OIL TECHNOLO. LTD
SOUTHBANK,THE SOUTH INDIAN BANK LTD
SOUTHWEST,SOUTH WEST PINNACLE LTD
SPAL,S. P. APPARELS LIMITED
SPANDANA,SPANDANA SPHOORTY FIN LTD
SPARC,SUN PHARMA ADV.RES.CO.LTD
SPCENET,SPACENET ENTERS IND LTD
SPECIALITY,SPECIALITY REST LTD
SPENCERS,SPENCER S RETAIL LIMITED
SPIC,SPIC LTD
SPICEJET,SPICEJET LIMITED
SPLIL,SPL INDUSTRIES LIMITED
SPLPETRO,SUPREME PETROCHEM LIMITED
SPORTKING,SPORTKING INDIA LIMITED
SREEL,SREELEATHERS LIMITED
SRF,SRF LTD
SRGHFL,SRG HOUSING FINANCE L
SRHHYPOLTD,SREE RAYALSEEMA HHP LTD.
SSDL,SARASWATI SAREE DEPOT LTD
SSWL,STEEL STRIPS WHEELS LTD.
STANLEY,STANLEY LIFESTYLES LTD
STAR,STRIDES PHARMA SCI LTD
STARCEMENT,STAR CEMENT LIMITED
STARHEALTH,STAR HEALTH & AL INS CO L
STARPAPER,STAR PAPER MILLS LTD
STCINDIA,THE STATE TRADING CORPN
STEELCAS,STEELCAST LIMITED
STEELCITY,STEEL CITY SECURITIES LTD
STEELXIND,STEEL EXCHANGE INDIA LTD
STERTOOLS,STERLING TOOLS LIMITED
STLTECH,STERLITE TECHNOLOGIES LTD
STOVEKRAFT,STOVE KRAFT LIMITED
STYLAMIND,STYLAM INDUSTRIES LIMITED
STYLEBAAZA,BAAZAR STYLE RETAIL LTD
STYRENIX,STYRENIX PERFORMANCE LTD
SUBEXLTD,SUBEX LTD
SUBROS,SUBROS LIMITED
SUDARSCHEM,SUDARSHAN CHEMICAL INDS L
SUKHJITS,SUKHJIT STARCH & CHEM LTD
SULA,SULA VINEYARDS LIMITED
SUMICHEM,SUMITOMO CHEM INDIA LTD
SUMMITSEC,SUMMIT SECURITIES LTD
SUNCLAY,SUNDARAM CLAYTON LIMITED
SUNDARAM,SUNDARAM MULTI PAP LTD
SUNDARMFIN,SUNDARAM FINANCE LTD
SUNDARMHLD,SUNDARAM FINANCE HOLD LTD
SUNDRMBRAK,SUNDARAM BRAK LININGS LTD
SUNDRMFAST,SUNDRAM FASTENERS LTD
SUNFLAG,SUNFLAG IRON AND STEEL CO
SUNPHARMA,SUN PHARMACEUTICAL IND L
SUNTECK,SUNTECK REALTY LIMITED
SUNTV,SUN TV NETWORK LIMITED
SUPERHOUSE,SUPERHOUSE LIMITED
SUPRAJIT,SUPRAJIT ENGINEERING LTD
SUPREMEIND,SUPREME INDUSTRIES LTD
SUPRIYA,SUPRIYA LIFESCIENCE LTD
SURAJEST,SURAJ ESTATE DEVELOPERS L
SURYALAXMI,SURYALAKSHMI COT MIL LTD
SURYAROSNI,SURYA ROSHNI LTD
SURYODAY,SURYODAY SMALL FIN BK LTD
SUTLEJTEX,SUTLEJ TEXT & INDUS LTD
SUVEN,SUVEN LIFE SCIENCES LTD
SUVENPHAR,SUVEN PHARMACEUTICALS LTD
SUYOG,SUYOG TELEMATICS LIMITED
SUZLON,SUZLON ENERGY LIMITED
SWANENERGY,SWAN ENERGY LIMITED
SWARAJENG,SWARAJ ENGINES LTD
SWELECTES,SWELECT ENERGY SYS LTD
SWSOLAR,STRLNG & WIL REN ENE LTD
SYMPHONY,SYMPHONY LIMITED
SYNCOMF,SYNCOM FORMU (I) LTD
SYNGENE,SYNGENE INTERNATIONAL LTD
SYRMA,SYRMA SGS TECHNOLOGY LTD
TAJGVK,TAJ GVK HOTELS & RESORTS
TAKE,TAKE SOLUTIONS LTD
TALBROAUTO,TALBROS AUTO. COMP. LTD
TANLA,TANLA PLATFORMS LIMITED
TARC,TARC LIMITED
TARMAT,TARMAT LIMITED
TARSONS,TARSONS PRODUCTS LIMITED
TASTYBITE,TASTY BITE EATABLES LTD
TATACHEM,TATA CHEMICALS LTD
TATACOMM,TATA COMMUNICATIONS LTD
TATACONSUM,TATA CONSUMER PRODUCT LTD
TATAELXSI,TATA ELXSI LIMITED
TATAGOLD,TATAAML-TATAGOLD
TATAINVEST,TATA INVESTMENT CORP LTD
TATAMOTORS,TATA MOTORS LIMITED
TATAMTRDVR,TATA MOTORS DVR  A  ORD
TATAPOWER,TATA POWER CO LTD
TATASTEEL,TATA STEEL LIMITED
TATATECH,TATA TECHNOLOGIES LIMITED
TATSILV,TATAAML-TATSILV
TATVA,TATVA CHIN PHARM CHEM LTD
TBOTEK,TBO TEK LIMITED
TBZ,TRIB BHIMJI ZAVERI LTD
TCI,TRANSPORT CORPN OF INDIA
TCIEXP,TCI EXPRESS LIMITED
TCPLPACK,TCPL PACKAGING LIMITED
TCS,TATA CONSULTANCY SERV LT
TDPOWERSYS,TD POWER SYSTEMS LTD.
TEAMLEASE,TEAMLEASE SERVICES LTD.
TECH,BIRLASLAMC - TECH
TECHM,TECH MAHINDRA LIMITED
TECHNOE,TECHNO ELEC & ENG CO. LTD
TEGA,TEGA INDUSTRIES LIMITED
TEJASNET,TEJAS NETWORKS LIMITED
TEXINFRA,TEXMACO INFRA & HOLDG LTD
TEXMOPIPES,TEXMO PIPE & PRODUCTS LTD
TEXRAIL,TEXMACO RAIL & ENG. LTD.
TFCILTD,TOURISM FINANCE CORP. OF
THANGAMAYL,THANGAMAYIL JEWELLERY LTD
THEJO,THEJO ENGINEERING LIMITED
THEMISMED,THEMIS MEDICARE LTD.
THERMAX,THERMAX LTD
THOMASCOOK,THOMAS COOK (INDIA) LTD
THOMASCOTT,THOMAS SCOTT (INDIA) LTD
THYROCARE,THYROCARE TECH LTD
TI,TILAKNAGAR INDUSTRIES LTD
TIIL,TECHNOCRAFT IND LTD
TIINDIA,TUBE INVEST OF INDIA LTD
TIL,TIL LTD
TIMETECHNO,TIME TECHNOPLAST LTD.
TIMKEN,TIMKEN INDIA LTD.
TIPSFILMS,TIPS FILMS LIMITED
TIPSMUSIC,TIPS MUSIC LIMITED
TIRUMALCHM,THIRUMALAI CHEMICALS LTD
TITAGARH,TITAGARH RAIL SYSTEMS LTD
TITAN,TITAN COMPANY LIMITED
TMB,TAMILNAD MERCA BANK LTD
TNIDETF,TATAAML - TNIDETF
TNPETRO,TAMILNADU PETROPRODUCTS L
TNPL,TAMILNADU NEWSPRT & PAPER
TOKYOPLAST,TOKYO PLAST INTL LTD
TOP100CASE,ZERODHAAMC - TOP100CASE
TOP10ADD,DSPAMC - TOP10ADD
TORNTPHARM,TORRENT PHARMACEUTICALS L
TORNTPOWER,TORRENT POWER LTD
TRACXN,TRACXN TECHNOLOGIES LTD
TRANSWORLD,TRANSWORLD SHIP LINES LTD
TREL,TRANSINDIA REAL ESTATE L
TRENT,TRENT LTD
TRF,TRF LIMITED
TRIDENT,TRIDENT LIMITED
TRIGYN,TRIGYN TECHNOLOGIES LTD
TRITURBINE,TRIVENI TURBINE LIMITED
TRIVENI,TRIVENI ENGG. & INDS. LTD
TRU,TRUCAP FINANCE LIMITED
TTKHLTCARE,TTK HEALTHCARE LIMITED
TTKPRESTIG,TTK PRESTIGE LTD
TTL,T T LIMITED
TTML,TATA TELESERV(MAHARASTRA)
TV18BRDCST,TV18 BROADCAST LIMITED
TVSELECT,TVS ELECTRONICS LTD
TVSHLTD,TVS HOLDINGS LIMITED
TVSMOTOR,TVS MOTOR COMPANY  LTD
TVSSCS,TVS SUPPLY CHAIN SOL L
TVSSRICHAK,TVS SRICHAKRA LIMITED
TVTODAY,TV TODAY NETWORK LTD
UBL,UNITED BREWERIES LTD
UCAL,UCAL LIMITED
UCOBANK,UCO BANK
UDAICEMENT,UDAIPUR CEMENT WORKS LTD
UDS,UPDATER SERVICES LIMITED
UFLEX,UFLEX LIMITED
UFO,UFO MOVIEZ INDIA LTD.
UGARSUGAR,THE UGAR SUGAR WORKS LTD
UGROCAP,UGRO CAPITAL LIMITED
UJJIVANSFB,UJJIVAN SMALL FINANC BANK
ULTRACEMCO,ULTRATECH CEMENT LIMITED
UNICHEMLAB,UNICHEM LABORATORIES LTD
UNIDT,UNITED DRILLING TOOLS LTD
UNIECOM,UNICOMMERCE ESOLUTIONS L
UNIENTER,UNIPHOS ENTERPRISES LTD
UNIONBANK,UNION BANK OF INDIA
UNIPARTS,UNIPARTS INDIA LIMITED
UNITDSPR,UNITED SPIRITS LIMITED
UNITEDTEA,UNITED NILGIRI TEA LTD
UNIVCABLES,UNIVERSAL CABLES LTD
UNOMINDA,UNO MINDA LIMITED
UPL,UPL LIMITED
URJA,URJA GLOBAL LIMITED
USHAMART,USHA MARTIN LTD.
UTIAMC,UTI ASSET MNGMT CO LTD
UTIBANKETF,UTIAMC - UTIBANKETF
UTINEXT50,UTIAMC - UTINEXT50
UTINIFTETF,UTIAMC - UTINIFTETF
UTISENSETF,UTIAMC - UTISENSETF
UTISXN50,UTIAMC - UTISXN50
UTKARSHBNK,UTKARSH SMALL FIN BANK L
UTTAMSUGAR,UTTAM SUGAR MILLS LTD.
VADILALIND,VADILAL INDUSTRIES LTD
VAIBHAVGBL,VAIBHAV GLOBAL LIMITED
VAISHALI,VAISHALI PHARMA LIMITED
VAKRANGEE,VAKRANGEE LIMITED
VALIANTLAB,VALIANT LABORATORIES LTD
VALIANTORG,VALIANT ORGANICS LIMITED
VARDHACRLC,VARDHAMAN ACRYLICS LTD
VARROC,VARROC ENGINEERING LTD.
VASCONEQ,VASCON ENGINEERS LTD
VBL,VARUN BEVERAGES LIMITED
VEDL,VEDANTA LIMITED
VEEDOL,VEEDOL CORPORATION LTD
VENKEYS,VENKY S (INDIA) LIMITED
VENUSPIPES,VENUS PIPES & TUBES LTD
VENUSREM,VENUS REMEDIES LIMITED
VERANDA,VERANDA LEARNING SOL LTD
VERTOZ,VERTOZ LIMITED
VESUVIUS,VESUVIUS INDIA LTD
VETO,VETO SWITCHGEAR CABLE LTD
VGUARD,V-GUARD IND LTD.
VHL,VARDHMAN HOLDINGS LIMITED
VIDHIING,VIDHI SPCLTY F INGRDNTS L
VIJAYA,VIJAYA DIAGNOSTIC CEN LTD
VIJIFIN,VIJI FINANCE LIMITED
VIKASECO,VIKAS ECOTECH LIMITED
VIKASLIFE,VIKAS LIFECARE LIMITED
VIMTALABS,VIMTA LABS LIMITED
VINATIORGA,VINATI ORGANICS LTD
VINDHYATEL,VINDHYA TELELINKS LTD
VINYLINDIA,VINYL CHEMICALS (I) LTD.
VIPCLOTHNG,VIP CLOTHING LIMITED
VIPIND,VIP INDUSTRIES LTD
VIPULLTD,VIPUL LIMITED
VIRINCHI,VIRINCHI LIMITED
VISAKAIND,VISAKA INDUSTRIES LIMITED
VISHNU,VISHNU CHEMICALS LIMITED
VISHWARAJ,VISHWARAJ SUGAR IND LTD
VLEGOV,VL E GOV AND IT SOL LTD
VLSFINANCE,VLS FINANCE LTD
VMART,VMART RETAIL LTD
VOLTAMP,VOLTAMP TRANSFORMERS LTD
VOLTAS,VOLTAS LTD
VPRPL,VISHNU PRAKASH R PUNGLI L
VRAJ,VRAJ IRON AND STEEL LTD
VRLLOG,VRL LOGISTICS LIMITED
VSSL,VARDHMAN SPC STEEL LTD
VSTIND,VST INDUSTRIES LTD
VSTL,VIBHOR STEEL TUBES LTD
VSTTILLERS,VST TILLERS TRACTORS LTD
VTL,VARDHMAN TEXTILES LIMITED
WABAG,VA TECH WABAG LTD
WANBURY,WANBURY LIMITED
WEBELSOLAR,WEBSOL ENERGY SYSTEM LTD
WEL,WONDER ELECTRICALS LTD
WELCORP,WELSPUN CORP LIMITED
WELENT,WELSPUN ENTERPRISES LTD.
WELSPUNLIV,WELSPUN LIVING LIMITED
WENDT,WENDT (INDIA) LIMITED
WESTLIFE,WESTLIFE FOODWORLD LTD
WHEELS,WHEELS INDIA LTD
WHIRLPOOL,WHIRLPOOL OF INDIA LTD
WINDLAS,WINDLAS BIOTECH LIMITED
WINDMACHIN,WINDSOR MACHINES LIMITED
WIPRO,WIPRO LTD
WOCKPHARMA,WOCKHARDT LIMITED
WONDERLA,WONDERLA HOLIDAYS LTD.
WORTH,WORTH PERIPHERALS LIMITED
WSI,W.S.INDUSTRIES (I) LTD.
WSTCSTPAPR,WEST COAST PAPER MILLS LT
XCHANGING,XCHANGING SOLUTIONS LTD
XPROINDIA,XPRO INDIA LIMITED
YASHO,YASHO INDUSTRIES LIMITED
YATHARTH,YATHARTH HOSP & TRA C S L
YATRA,YATRA ONLINE LIMITED
YESBANK,YES BANK LIMITED
YUKEN,YUKEN INDIA LIMITED
ZAGGLE,ZAGGLE PREPA OCEAN SER L
ZEEL,ZEE ENTERTAINMENT ENT LTD
ZEELEARN,ZEE LEARN LIMITED
ZEEMEDIA,ZEE MEDIA CORPORATION LTD
ZENSARTECH,ZENSAR TECHNOLOGIES  LTD
ZENTEC,ZEN TECHNOLOGIES LIMITED
ZFCVINDIA,ZF COM VE CTR SYS IND LTD
ZIMLAB,ZIM LABORATORIES LIMITED
ZODIACLOTH,ZODIAC CLOTHING CO. LTD.
ZOMATO,ZOMATO LIMITED
ZOTA,ZOTA HEALTH CARE LIMITED
ZUARI,ZUARI AGRO CHEMICALS LTD
ZUARIIND,ZUARI INDUSTRIES LIMITED
ZYDUSLIFE,ZYDUS LIFESCIENCES LTD
ZYDUSWELL,ZYDUS WELLNESS LIMITED